TimeQuest Timing Analyzer report for problem1
Mon Dec  1 22:17:55 2025
Quartus II 32-bit Version 13.0.1 Build 232 06/12/2013 Service Pack 1 SJ Full Version


---------------------
; Table of Contents ;
---------------------
  1. Legal Notice
  2. TimeQuest Timing Analyzer Summary
  3. Parallel Compilation
  4. Clocks
  5. Slow Model Fmax Summary
  6. Slow Model Setup Summary
  7. Slow Model Hold Summary
  8. Slow Model Recovery Summary
  9. Slow Model Removal Summary
 10. Slow Model Minimum Pulse Width Summary
 11. Slow Model Setup: 'Clock'
 12. Slow Model Hold: 'Clock'
 13. Slow Model Minimum Pulse Width: 'Clock'
 14. Setup Times
 15. Hold Times
 16. Clock to Output Times
 17. Minimum Clock to Output Times
 18. Fast Model Setup Summary
 19. Fast Model Hold Summary
 20. Fast Model Recovery Summary
 21. Fast Model Removal Summary
 22. Fast Model Minimum Pulse Width Summary
 23. Fast Model Setup: 'Clock'
 24. Fast Model Hold: 'Clock'
 25. Fast Model Minimum Pulse Width: 'Clock'
 26. Setup Times
 27. Hold Times
 28. Clock to Output Times
 29. Minimum Clock to Output Times
 30. Multicorner Timing Analysis Summary
 31. Setup Times
 32. Hold Times
 33. Clock to Output Times
 34. Minimum Clock to Output Times
 35. Setup Transfers
 36. Hold Transfers
 37. Report TCCS
 38. Report RSKM
 39. Unconstrained Paths
 40. TimeQuest Timing Analyzer Messages



----------------
; Legal Notice ;
----------------
Copyright (C) 1991-2013 Altera Corporation
Your use of Altera Corporation's design tools, logic functions 
and other software and tools, and its AMPP partner logic 
functions, and any output files from any of the foregoing 
(including device programming or simulation files), and any 
associated documentation or information are expressly subject 
to the terms and conditions of the Altera Program License 
Subscription Agreement, Altera MegaCore Function License 
Agreement, or other applicable license agreement, including, 
without limitation, that your use is for the sole purpose of 
programming logic devices manufactured by Altera and sold by 
Altera or its authorized distributors.  Please refer to the 
applicable agreement for further details.



+-----------------------------------------------------------------------------------------+
; TimeQuest Timing Analyzer Summary                                                       ;
+--------------------+--------------------------------------------------------------------+
; Quartus II Version ; Version 13.0.1 Build 232 06/12/2013 Service Pack 1 SJ Full Version ;
; Revision Name      ; problem1                                                           ;
; Device Family      ; Cyclone II                                                         ;
; Device Name        ; EP2C35F672C6                                                       ;
; Timing Models      ; Final                                                              ;
; Delay Model        ; Combined                                                           ;
; Rise/Fall Delays   ; Unavailable                                                        ;
+--------------------+--------------------------------------------------------------------+


+------------------------------------------+
; Parallel Compilation                     ;
+----------------------------+-------------+
; Processors                 ; Number      ;
+----------------------------+-------------+
; Number detected on machine ; 8           ;
; Maximum allowed            ; 4           ;
;                            ;             ;
; Average used               ; 1.00        ;
; Maximum used               ; 2           ;
;                            ;             ;
; Usage by Processor         ; % Time Used ;
;     Processor 1            ; 100.0%      ;
;     Processor 2            ; < 0.1%      ;
;     Processors 3-8         ;   0.0%      ;
+----------------------------+-------------+


+-----------------------------------------------------------------------------------------------------------------------------------------------------------------------------------+
; Clocks                                                                                                                                                                            ;
+------------+------+--------+------------+-------+-------+------------+-----------+-------------+-------+--------+-----------+------------+----------+--------+--------+-----------+
; Clock Name ; Type ; Period ; Frequency  ; Rise  ; Fall  ; Duty Cycle ; Divide by ; Multiply by ; Phase ; Offset ; Edge List ; Edge Shift ; Inverted ; Master ; Source ; Targets   ;
+------------+------+--------+------------+-------+-------+------------+-----------+-------------+-------+--------+-----------+------------+----------+--------+--------+-----------+
; Clock      ; Base ; 1.000  ; 1000.0 MHz ; 0.000 ; 0.500 ;            ;           ;             ;       ;        ;           ;            ;          ;        ;        ; { Clock } ;
+------------+------+--------+------------+-------+-------+------------+-----------+-------------+-------+--------+-----------+------------+----------+--------+--------+-----------+


+--------------------------------------------------+
; Slow Model Fmax Summary                          ;
+------------+-----------------+------------+------+
; Fmax       ; Restricted Fmax ; Clock Name ; Note ;
+------------+-----------------+------------+------+
; 247.52 MHz ; 247.52 MHz      ; Clock      ;      ;
+------------+-----------------+------------+------+
This panel reports FMAX for every clock in the design, regardless of the user-specified clock periods.  FMAX is only computed for paths where the source and destination registers or ports are driven by the same clock.  Paths of different clocks, including generated clocks, are ignored.  For paths between a clock and its inversion, FMAX is computed as if the rising and falling edges are scaled along with FMAX, such that the duty cycle (in terms of a percentage) is maintained. Altera recommends that you always use clock constraints and other slack reports for sign-off analysis.


+--------------------------------+
; Slow Model Setup Summary       ;
+-------+--------+---------------+
; Clock ; Slack  ; End Point TNS ;
+-------+--------+---------------+
; Clock ; -3.040 ; -48.520       ;
+-------+--------+---------------+


+-------------------------------+
; Slow Model Hold Summary       ;
+-------+-------+---------------+
; Clock ; Slack ; End Point TNS ;
+-------+-------+---------------+
; Clock ; 0.391 ; 0.000         ;
+-------+-------+---------------+


-------------------------------
; Slow Model Recovery Summary ;
-------------------------------
No paths to report.


------------------------------
; Slow Model Removal Summary ;
------------------------------
No paths to report.


+----------------------------------------+
; Slow Model Minimum Pulse Width Summary ;
+-------+--------+-----------------------+
; Clock ; Slack  ; End Point TNS         ;
+-------+--------+-----------------------+
; Clock ; -1.222 ; -42.222               ;
+-------+--------+-----------------------+


+--------------------------------------------------------------------------------------------------------------------------+
; Slow Model Setup: 'Clock'                                                                                                ;
+--------+--------------------+----------------------+--------------+-------------+--------------+------------+------------+
; Slack  ; From Node          ; To Node              ; Launch Clock ; Latch Clock ; Relationship ; Clock Skew ; Data Delay ;
+--------+--------------------+----------------------+--------------+-------------+--------------+------------+------------+
; -3.040 ; fsm9:inst3|yfsm.s4 ; alu1:inst2|Temp[4]   ; Clock        ; Clock       ; 1.000        ; 0.001      ; 4.077      ;
; -3.040 ; fsm9:inst3|yfsm.s4 ; alu1:inst2|Temp[6]   ; Clock        ; Clock       ; 1.000        ; 0.001      ; 4.077      ;
; -3.009 ; fsm9:inst3|yfsm.s5 ; alu1:inst2|Temp[4]   ; Clock        ; Clock       ; 1.000        ; 0.001      ; 4.046      ;
; -3.009 ; fsm9:inst3|yfsm.s5 ; alu1:inst2|Temp[6]   ; Clock        ; Clock       ; 1.000        ; 0.001      ; 4.046      ;
; -2.961 ; reg:inst1|Q[1]     ; alu1:inst2|Result[5] ; Clock        ; Clock       ; 1.000        ; -0.001     ; 3.996      ;
; -2.932 ; fsm9:inst3|yfsm.s4 ; alu1:inst2|Result[2] ; Clock        ; Clock       ; 1.000        ; 0.001      ; 3.969      ;
; -2.901 ; fsm9:inst3|yfsm.s5 ; alu1:inst2|Result[2] ; Clock        ; Clock       ; 1.000        ; 0.001      ; 3.938      ;
; -2.897 ; fsm9:inst3|yfsm.s6 ; alu1:inst2|Temp[4]   ; Clock        ; Clock       ; 1.000        ; 0.001      ; 3.934      ;
; -2.897 ; fsm9:inst3|yfsm.s6 ; alu1:inst2|Temp[6]   ; Clock        ; Clock       ; 1.000        ; 0.001      ; 3.934      ;
; -2.880 ; reg:inst|Q[0]      ; alu1:inst2|Result[5] ; Clock        ; Clock       ; 1.000        ; -0.001     ; 3.915      ;
; -2.876 ; reg:inst1|Q[1]     ; alu1:inst2|Result[3] ; Clock        ; Clock       ; 1.000        ; -0.001     ; 3.911      ;
; -2.860 ; fsm9:inst3|yfsm.s3 ; alu1:inst2|Temp[4]   ; Clock        ; Clock       ; 1.000        ; 0.001      ; 3.897      ;
; -2.860 ; fsm9:inst3|yfsm.s3 ; alu1:inst2|Temp[6]   ; Clock        ; Clock       ; 1.000        ; 0.001      ; 3.897      ;
; -2.857 ; fsm9:inst3|yfsm.s7 ; alu1:inst2|Temp[4]   ; Clock        ; Clock       ; 1.000        ; 0.001      ; 3.894      ;
; -2.857 ; fsm9:inst3|yfsm.s7 ; alu1:inst2|Temp[6]   ; Clock        ; Clock       ; 1.000        ; 0.001      ; 3.894      ;
; -2.854 ; fsm9:inst3|yfsm.s8 ; alu1:inst2|Temp[3]   ; Clock        ; Clock       ; 1.000        ; 0.001      ; 3.891      ;
; -2.848 ; fsm9:inst3|yfsm.s8 ; alu1:inst2|Temp[1]   ; Clock        ; Clock       ; 1.000        ; 0.003      ; 3.887      ;
; -2.845 ; reg:inst1|Q[0]     ; alu1:inst2|Result[5] ; Clock        ; Clock       ; 1.000        ; -0.001     ; 3.880      ;
; -2.809 ; fsm9:inst3|yfsm.s5 ; alu1:inst2|Temp[3]   ; Clock        ; Clock       ; 1.000        ; 0.001      ; 3.846      ;
; -2.805 ; fsm9:inst3|yfsm.s4 ; alu1:inst2|Result[4] ; Clock        ; Clock       ; 1.000        ; 0.001      ; 3.842      ;
; -2.803 ; fsm9:inst3|yfsm.s5 ; alu1:inst2|Temp[1]   ; Clock        ; Clock       ; 1.000        ; 0.003      ; 3.842      ;
; -2.802 ; fsm9:inst3|yfsm.s4 ; alu1:inst2|Result[5] ; Clock        ; Clock       ; 1.000        ; 0.001      ; 3.839      ;
; -2.795 ; reg:inst|Q[0]      ; alu1:inst2|Result[3] ; Clock        ; Clock       ; 1.000        ; -0.001     ; 3.830      ;
; -2.789 ; fsm9:inst3|yfsm.s6 ; alu1:inst2|Result[2] ; Clock        ; Clock       ; 1.000        ; 0.001      ; 3.826      ;
; -2.788 ; fsm9:inst3|yfsm.s6 ; alu1:inst2|Result[0] ; Clock        ; Clock       ; 1.000        ; 0.001      ; 3.825      ;
; -2.780 ; fsm9:inst3|yfsm.s1 ; alu1:inst2|Result[2] ; Clock        ; Clock       ; 1.000        ; 0.001      ; 3.817      ;
; -2.776 ; fsm9:inst3|yfsm.s8 ; alu1:inst2|Temp[7]   ; Clock        ; Clock       ; 1.000        ; 0.001      ; 3.813      ;
; -2.774 ; fsm9:inst3|yfsm.s5 ; alu1:inst2|Result[4] ; Clock        ; Clock       ; 1.000        ; 0.001      ; 3.811      ;
; -2.771 ; fsm9:inst3|yfsm.s5 ; alu1:inst2|Result[5] ; Clock        ; Clock       ; 1.000        ; 0.001      ; 3.808      ;
; -2.767 ; reg:inst|Q[1]      ; alu1:inst2|Result[5] ; Clock        ; Clock       ; 1.000        ; -0.001     ; 3.802      ;
; -2.760 ; reg:inst1|Q[0]     ; alu1:inst2|Result[3] ; Clock        ; Clock       ; 1.000        ; -0.001     ; 3.795      ;
; -2.752 ; fsm9:inst3|yfsm.s3 ; alu1:inst2|Result[2] ; Clock        ; Clock       ; 1.000        ; 0.001      ; 3.789      ;
; -2.751 ; fsm9:inst3|yfsm.s3 ; alu1:inst2|Result[0] ; Clock        ; Clock       ; 1.000        ; 0.001      ; 3.788      ;
; -2.749 ; fsm9:inst3|yfsm.s7 ; alu1:inst2|Result[2] ; Clock        ; Clock       ; 1.000        ; 0.001      ; 3.786      ;
; -2.748 ; fsm9:inst3|yfsm.s7 ; alu1:inst2|Result[0] ; Clock        ; Clock       ; 1.000        ; 0.001      ; 3.785      ;
; -2.746 ; fsm9:inst3|yfsm.s4 ; alu1:inst2|Temp[3]   ; Clock        ; Clock       ; 1.000        ; 0.001      ; 3.783      ;
; -2.744 ; fsm9:inst3|yfsm.s4 ; alu1:inst2|Result[1] ; Clock        ; Clock       ; 1.000        ; 0.001      ; 3.781      ;
; -2.740 ; fsm9:inst3|yfsm.s4 ; alu1:inst2|Temp[1]   ; Clock        ; Clock       ; 1.000        ; 0.003      ; 3.779      ;
; -2.737 ; fsm9:inst3|yfsm.s4 ; alu1:inst2|Result[3] ; Clock        ; Clock       ; 1.000        ; 0.001      ; 3.774      ;
; -2.731 ; fsm9:inst3|yfsm.s5 ; alu1:inst2|Temp[7]   ; Clock        ; Clock       ; 1.000        ; 0.001      ; 3.768      ;
; -2.713 ; fsm9:inst3|yfsm.s5 ; alu1:inst2|Result[1] ; Clock        ; Clock       ; 1.000        ; 0.001      ; 3.750      ;
; -2.706 ; fsm9:inst3|yfsm.s5 ; alu1:inst2|Result[3] ; Clock        ; Clock       ; 1.000        ; 0.001      ; 3.743      ;
; -2.703 ; reg:inst|Q[2]      ; alu1:inst2|Result[5] ; Clock        ; Clock       ; 1.000        ; -0.001     ; 3.738      ;
; -2.682 ; reg:inst|Q[1]      ; alu1:inst2|Result[3] ; Clock        ; Clock       ; 1.000        ; -0.001     ; 3.717      ;
; -2.668 ; fsm9:inst3|yfsm.s4 ; alu1:inst2|Temp[7]   ; Clock        ; Clock       ; 1.000        ; 0.001      ; 3.705      ;
; -2.662 ; reg:inst1|Q[2]     ; alu1:inst2|Result[5] ; Clock        ; Clock       ; 1.000        ; -0.001     ; 3.697      ;
; -2.662 ; fsm9:inst3|yfsm.s6 ; alu1:inst2|Result[4] ; Clock        ; Clock       ; 1.000        ; 0.001      ; 3.699      ;
; -2.659 ; fsm9:inst3|yfsm.s6 ; alu1:inst2|Result[5] ; Clock        ; Clock       ; 1.000        ; 0.001      ; 3.696      ;
; -2.655 ; fsm9:inst3|yfsm.s8 ; alu1:inst2|Temp[0]   ; Clock        ; Clock       ; 1.000        ; 0.003      ; 3.694      ;
; -2.653 ; fsm9:inst3|yfsm.s1 ; alu1:inst2|Result[4] ; Clock        ; Clock       ; 1.000        ; 0.001      ; 3.690      ;
; -2.652 ; reg:inst|Q[0]      ; alu1:inst2|Result[1] ; Clock        ; Clock       ; 1.000        ; -0.001     ; 3.687      ;
; -2.650 ; fsm9:inst3|yfsm.s1 ; alu1:inst2|Result[5] ; Clock        ; Clock       ; 1.000        ; 0.001      ; 3.687      ;
; -2.649 ; fsm9:inst3|yfsm.s4 ; alu1:inst2|Result[0] ; Clock        ; Clock       ; 1.000        ; 0.001      ; 3.686      ;
; -2.642 ; reg:inst1|Q[1]     ; alu1:inst2|Result[4] ; Clock        ; Clock       ; 1.000        ; -0.001     ; 3.677      ;
; -2.641 ; fsm9:inst3|yfsm.s7 ; alu1:inst2|Temp[3]   ; Clock        ; Clock       ; 1.000        ; 0.001      ; 3.678      ;
; -2.635 ; fsm9:inst3|yfsm.s7 ; alu1:inst2|Temp[1]   ; Clock        ; Clock       ; 1.000        ; 0.003      ; 3.674      ;
; -2.629 ; fsm9:inst3|yfsm.s1 ; alu1:inst2|Temp[4]   ; Clock        ; Clock       ; 1.000        ; 0.001      ; 3.666      ;
; -2.629 ; fsm9:inst3|yfsm.s1 ; alu1:inst2|Temp[6]   ; Clock        ; Clock       ; 1.000        ; 0.001      ; 3.666      ;
; -2.627 ; reg:inst|Q[3]      ; alu1:inst2|Result[5] ; Clock        ; Clock       ; 1.000        ; -0.001     ; 3.662      ;
; -2.625 ; fsm9:inst3|yfsm.s3 ; alu1:inst2|Result[4] ; Clock        ; Clock       ; 1.000        ; 0.001      ; 3.662      ;
; -2.623 ; fsm9:inst3|yfsm.s8 ; alu1:inst2|Result[2] ; Clock        ; Clock       ; 1.000        ; 0.001      ; 3.660      ;
; -2.622 ; fsm9:inst3|yfsm.s7 ; alu1:inst2|Result[4] ; Clock        ; Clock       ; 1.000        ; 0.001      ; 3.659      ;
; -2.622 ; fsm9:inst3|yfsm.s3 ; alu1:inst2|Result[5] ; Clock        ; Clock       ; 1.000        ; 0.001      ; 3.659      ;
; -2.619 ; fsm9:inst3|yfsm.s7 ; alu1:inst2|Result[5] ; Clock        ; Clock       ; 1.000        ; 0.001      ; 3.656      ;
; -2.618 ; fsm9:inst3|yfsm.s5 ; alu1:inst2|Result[0] ; Clock        ; Clock       ; 1.000        ; 0.001      ; 3.655      ;
; -2.617 ; reg:inst1|Q[0]     ; alu1:inst2|Result[1] ; Clock        ; Clock       ; 1.000        ; -0.001     ; 3.652      ;
; -2.612 ; fsm9:inst3|yfsm.s8 ; alu1:inst2|Temp[4]   ; Clock        ; Clock       ; 1.000        ; 0.001      ; 3.649      ;
; -2.612 ; fsm9:inst3|yfsm.s8 ; alu1:inst2|Temp[6]   ; Clock        ; Clock       ; 1.000        ; 0.001      ; 3.649      ;
; -2.610 ; fsm9:inst3|yfsm.s5 ; alu1:inst2|Temp[0]   ; Clock        ; Clock       ; 1.000        ; 0.003      ; 3.649      ;
; -2.601 ; fsm9:inst3|yfsm.s6 ; alu1:inst2|Result[1] ; Clock        ; Clock       ; 1.000        ; 0.001      ; 3.638      ;
; -2.594 ; fsm9:inst3|yfsm.s6 ; alu1:inst2|Result[3] ; Clock        ; Clock       ; 1.000        ; 0.001      ; 3.631      ;
; -2.592 ; fsm9:inst3|yfsm.s1 ; alu1:inst2|Result[1] ; Clock        ; Clock       ; 1.000        ; 0.001      ; 3.629      ;
; -2.586 ; reg:inst1|Q[3]     ; alu1:inst2|Result[5] ; Clock        ; Clock       ; 1.000        ; -0.001     ; 3.621      ;
; -2.586 ; fsm9:inst3|yfsm.s2 ; alu1:inst2|Temp[4]   ; Clock        ; Clock       ; 1.000        ; 0.001      ; 3.623      ;
; -2.586 ; fsm9:inst3|yfsm.s2 ; alu1:inst2|Temp[6]   ; Clock        ; Clock       ; 1.000        ; 0.001      ; 3.623      ;
; -2.585 ; fsm9:inst3|yfsm.s1 ; alu1:inst2|Result[0] ; Clock        ; Clock       ; 1.000        ; 0.001      ; 3.622      ;
; -2.585 ; fsm9:inst3|yfsm.s1 ; alu1:inst2|Result[3] ; Clock        ; Clock       ; 1.000        ; 0.001      ; 3.622      ;
; -2.584 ; reg:inst1|Q[1]     ; alu1:inst2|Result[7] ; Clock        ; Clock       ; 1.000        ; -0.001     ; 3.619      ;
; -2.579 ; fsm9:inst3|yfsm.s1 ; alu1:inst2|Temp[3]   ; Clock        ; Clock       ; 1.000        ; 0.001      ; 3.616      ;
; -2.573 ; fsm9:inst3|yfsm.s1 ; alu1:inst2|Temp[1]   ; Clock        ; Clock       ; 1.000        ; 0.003      ; 3.612      ;
; -2.564 ; fsm9:inst3|yfsm.s3 ; alu1:inst2|Result[1] ; Clock        ; Clock       ; 1.000        ; 0.001      ; 3.601      ;
; -2.563 ; fsm9:inst3|yfsm.s7 ; alu1:inst2|Temp[7]   ; Clock        ; Clock       ; 1.000        ; 0.001      ; 3.600      ;
; -2.561 ; reg:inst|Q[0]      ; alu1:inst2|Result[4] ; Clock        ; Clock       ; 1.000        ; -0.001     ; 3.596      ;
; -2.561 ; fsm9:inst3|yfsm.s7 ; alu1:inst2|Result[1] ; Clock        ; Clock       ; 1.000        ; 0.001      ; 3.598      ;
; -2.557 ; fsm9:inst3|yfsm.s3 ; alu1:inst2|Result[3] ; Clock        ; Clock       ; 1.000        ; 0.001      ; 3.594      ;
; -2.554 ; fsm9:inst3|yfsm.s7 ; alu1:inst2|Result[3] ; Clock        ; Clock       ; 1.000        ; 0.001      ; 3.591      ;
; -2.547 ; fsm9:inst3|yfsm.s4 ; alu1:inst2|Temp[0]   ; Clock        ; Clock       ; 1.000        ; 0.003      ; 3.586      ;
; -2.533 ; fsm9:inst3|yfsm.s3 ; alu1:inst2|Temp[3]   ; Clock        ; Clock       ; 1.000        ; 0.001      ; 3.570      ;
; -2.527 ; fsm9:inst3|yfsm.s3 ; alu1:inst2|Temp[1]   ; Clock        ; Clock       ; 1.000        ; 0.003      ; 3.566      ;
; -2.526 ; reg:inst1|Q[0]     ; alu1:inst2|Result[4] ; Clock        ; Clock       ; 1.000        ; -0.001     ; 3.561      ;
; -2.513 ; reg:inst1|Q[1]     ; alu1:inst2|Result[6] ; Clock        ; Clock       ; 1.000        ; -0.001     ; 3.548      ;
; -2.503 ; reg:inst|Q[0]      ; alu1:inst2|Result[7] ; Clock        ; Clock       ; 1.000        ; -0.001     ; 3.538      ;
; -2.501 ; fsm9:inst3|yfsm.s1 ; alu1:inst2|Temp[7]   ; Clock        ; Clock       ; 1.000        ; 0.001      ; 3.538      ;
; -2.496 ; fsm9:inst3|yfsm.s8 ; alu1:inst2|Result[4] ; Clock        ; Clock       ; 1.000        ; 0.001      ; 3.533      ;
; -2.493 ; fsm9:inst3|yfsm.s8 ; alu1:inst2|Result[5] ; Clock        ; Clock       ; 1.000        ; 0.001      ; 3.530      ;
; -2.490 ; fsm9:inst3|yfsm.s6 ; alu1:inst2|Temp[0]   ; Clock        ; Clock       ; 1.000        ; 0.003      ; 3.529      ;
; -2.490 ; fsm9:inst3|yfsm.s6 ; alu1:inst2|Temp[1]   ; Clock        ; Clock       ; 1.000        ; 0.003      ; 3.529      ;
; -2.485 ; fsm9:inst3|yfsm.s1 ; alu1:inst2|Result[6] ; Clock        ; Clock       ; 1.000        ; 0.001      ; 3.522      ;
; -2.478 ; fsm9:inst3|yfsm.s2 ; alu1:inst2|Result[2] ; Clock        ; Clock       ; 1.000        ; 0.001      ; 3.515      ;
; -2.477 ; fsm9:inst3|yfsm.s2 ; alu1:inst2|Result[0] ; Clock        ; Clock       ; 1.000        ; 0.001      ; 3.514      ;
+--------+--------------------+----------------------+--------------+-------------+--------------+------------+------------+


+---------------------------------------------------------------------------------------------------------------------------+
; Slow Model Hold: 'Clock'                                                                                                  ;
+-------+----------------------+----------------------+--------------+-------------+--------------+------------+------------+
; Slack ; From Node            ; To Node              ; Launch Clock ; Latch Clock ; Relationship ; Clock Skew ; Data Delay ;
+-------+----------------------+----------------------+--------------+-------------+--------------+------------+------------+
; 0.391 ; alu1:inst2|Result[0] ; alu1:inst2|Result[0] ; Clock        ; Clock       ; 0.000        ; 0.000      ; 0.657      ;
; 0.681 ; fsm9:inst3|yfsm.s7   ; fsm9:inst3|yfsm.s5   ; Clock        ; Clock       ; 0.000        ; 0.000      ; 0.947      ;
; 0.686 ; fsm9:inst3|yfsm.s8   ; fsm9:inst3|yfsm.s7   ; Clock        ; Clock       ; 0.000        ; 0.000      ; 0.952      ;
; 0.689 ; fsm9:inst3|yfsm.s6   ; fsm9:inst3|yfsm.s8   ; Clock        ; Clock       ; 0.000        ; 0.000      ; 0.955      ;
; 0.842 ; reg:inst1|Q[6]       ; alu1:inst2|Result[4] ; Clock        ; Clock       ; 0.000        ; 0.000      ; 1.108      ;
; 0.860 ; fsm9:inst3|yfsm.s3   ; fsm9:inst3|yfsm.s1   ; Clock        ; Clock       ; 0.000        ; 0.000      ; 1.126      ;
; 0.987 ; reg:inst1|Q[3]       ; alu1:inst2|Temp[1]   ; Clock        ; Clock       ; 0.000        ; 0.001      ; 1.254      ;
; 1.027 ; reg:inst|Q[1]        ; alu1:inst2|Temp[1]   ; Clock        ; Clock       ; 0.000        ; 0.001      ; 1.294      ;
; 1.062 ; reg:inst1|Q[7]       ; alu1:inst2|Result[5] ; Clock        ; Clock       ; 0.000        ; 0.000      ; 1.328      ;
; 1.069 ; reg:inst1|Q[1]       ; alu1:inst2|Temp[1]   ; Clock        ; Clock       ; 0.000        ; 0.001      ; 1.336      ;
; 1.120 ; reg:inst1|Q[5]       ; alu1:inst2|Result[3] ; Clock        ; Clock       ; 0.000        ; -0.001     ; 1.385      ;
; 1.187 ; alu1:inst2|Temp[3]   ; alu1:inst2|Result[3] ; Clock        ; Clock       ; 0.000        ; 0.000      ; 1.453      ;
; 1.252 ; reg:inst1|Q[7]       ; alu1:inst2|Temp[7]   ; Clock        ; Clock       ; 0.000        ; 0.000      ; 1.518      ;
; 1.264 ; reg:inst1|Q[4]       ; alu1:inst2|Result[2] ; Clock        ; Clock       ; 0.000        ; -0.001     ; 1.529      ;
; 1.272 ; reg:inst1|Q[3]       ; alu1:inst2|Result[1] ; Clock        ; Clock       ; 0.000        ; -0.001     ; 1.537      ;
; 1.278 ; reg:inst1|Q[1]       ; alu1:inst2|Temp[6]   ; Clock        ; Clock       ; 0.000        ; -0.001     ; 1.543      ;
; 1.375 ; fsm9:inst3|yfsm.s4   ; fsm9:inst3|yfsm.s6   ; Clock        ; Clock       ; 0.000        ; 0.000      ; 1.641      ;
; 1.380 ; reg:inst1|Q[2]       ; alu1:inst2|Temp[0]   ; Clock        ; Clock       ; 0.000        ; 0.001      ; 1.647      ;
; 1.388 ; reg:inst|Q[5]        ; alu1:inst2|Temp[1]   ; Clock        ; Clock       ; 0.000        ; 0.001      ; 1.655      ;
; 1.415 ; fsm9:inst3|yfsm.s2   ; fsm9:inst3|yfsm.s4   ; Clock        ; Clock       ; 0.000        ; 0.000      ; 1.681      ;
; 1.493 ; reg:inst|Q[2]        ; alu1:inst2|Temp[2]   ; Clock        ; Clock       ; 0.000        ; -0.003     ; 1.756      ;
; 1.506 ; reg:inst1|Q[4]       ; alu1:inst2|Temp[4]   ; Clock        ; Clock       ; 0.000        ; -0.001     ; 1.771      ;
; 1.515 ; reg:inst1|Q[0]       ; alu1:inst2|Temp[0]   ; Clock        ; Clock       ; 0.000        ; 0.001      ; 1.782      ;
; 1.544 ; reg:inst1|Q[3]       ; alu1:inst2|Temp[3]   ; Clock        ; Clock       ; 0.000        ; -0.001     ; 1.809      ;
; 1.555 ; alu1:inst2|Temp[7]   ; alu1:inst2|Result[7] ; Clock        ; Clock       ; 0.000        ; 0.000      ; 1.821      ;
; 1.570 ; reg:inst1|Q[4]       ; alu1:inst2|Temp[2]   ; Clock        ; Clock       ; 0.000        ; -0.003     ; 1.833      ;
; 1.581 ; reg:inst|Q[0]        ; alu1:inst2|Temp[0]   ; Clock        ; Clock       ; 0.000        ; 0.001      ; 1.848      ;
; 1.598 ; alu1:inst2|Temp[4]   ; alu1:inst2|Result[4] ; Clock        ; Clock       ; 0.000        ; 0.000      ; 1.864      ;
; 1.599 ; reg:inst1|Q[6]       ; alu1:inst2|Temp[6]   ; Clock        ; Clock       ; 0.000        ; 0.000      ; 1.865      ;
; 1.602 ; alu1:inst2|Temp[1]   ; alu1:inst2|Result[1] ; Clock        ; Clock       ; 0.000        ; -0.002     ; 1.866      ;
; 1.606 ; reg:inst|Q[0]        ; alu1:inst2|Temp[4]   ; Clock        ; Clock       ; 0.000        ; -0.001     ; 1.871      ;
; 1.646 ; reg:inst1|Q[5]       ; alu1:inst2|Temp[5]   ; Clock        ; Clock       ; 0.000        ; -0.003     ; 1.909      ;
; 1.653 ; fsm9:inst3|yfsm.s5   ; fsm9:inst3|yfsm.s3   ; Clock        ; Clock       ; 0.000        ; 0.000      ; 1.919      ;
; 1.655 ; reg:inst1|Q[7]       ; alu1:inst2|Temp[5]   ; Clock        ; Clock       ; 0.000        ; -0.002     ; 1.919      ;
; 1.656 ; reg:inst1|Q[6]       ; alu1:inst2|Temp[4]   ; Clock        ; Clock       ; 0.000        ; 0.000      ; 1.922      ;
; 1.678 ; reg:inst|Q[7]        ; alu1:inst2|Temp[7]   ; Clock        ; Clock       ; 0.000        ; -0.001     ; 1.943      ;
; 1.686 ; reg:inst1|Q[7]       ; alu1:inst2|Temp[0]   ; Clock        ; Clock       ; 0.000        ; 0.002      ; 1.954      ;
; 1.712 ; fsm9:inst3|yfsm.s0   ; fsm9:inst3|yfsm.s2   ; Clock        ; Clock       ; 0.000        ; 0.000      ; 1.978      ;
; 1.714 ; reg:inst1|Q[6]       ; alu1:inst2|Result[6] ; Clock        ; Clock       ; 0.000        ; 0.000      ; 1.980      ;
; 1.749 ; fsm9:inst3|yfsm.s6   ; alu1:inst2|Temp[6]   ; Clock        ; Clock       ; 0.000        ; 0.001      ; 2.016      ;
; 1.774 ; reg:inst1|Q[2]       ; alu1:inst2|Temp[2]   ; Clock        ; Clock       ; 0.000        ; -0.003     ; 2.037      ;
; 1.775 ; fsm9:inst3|yfsm.s2   ; alu1:inst2|Temp[7]   ; Clock        ; Clock       ; 0.000        ; 0.001      ; 2.042      ;
; 1.775 ; fsm9:inst3|yfsm.s2   ; alu1:inst2|Temp[3]   ; Clock        ; Clock       ; 0.000        ; 0.001      ; 2.042      ;
; 1.775 ; reg:inst1|Q[3]       ; alu1:inst2|Temp[4]   ; Clock        ; Clock       ; 0.000        ; -0.001     ; 2.040      ;
; 1.793 ; fsm9:inst3|yfsm.s2   ; alu1:inst2|Temp[5]   ; Clock        ; Clock       ; 0.000        ; -0.001     ; 2.058      ;
; 1.793 ; fsm9:inst3|yfsm.s2   ; alu1:inst2|Temp[2]   ; Clock        ; Clock       ; 0.000        ; -0.001     ; 2.058      ;
; 1.796 ; reg:inst1|Q[1]       ; alu1:inst2|Temp[7]   ; Clock        ; Clock       ; 0.000        ; -0.001     ; 2.061      ;
; 1.802 ; reg:inst|Q[1]        ; alu1:inst2|Result[1] ; Clock        ; Clock       ; 0.000        ; -0.001     ; 2.067      ;
; 1.807 ; reg:inst|Q[2]        ; alu1:inst2|Temp[6]   ; Clock        ; Clock       ; 0.000        ; -0.001     ; 2.072      ;
; 1.818 ; reg:inst|Q[4]        ; alu1:inst2|Temp[0]   ; Clock        ; Clock       ; 0.000        ; 0.001      ; 2.085      ;
; 1.829 ; reg:inst|Q[4]        ; alu1:inst2|Result[4] ; Clock        ; Clock       ; 0.000        ; -0.001     ; 2.094      ;
; 1.836 ; reg:inst|Q[3]        ; alu1:inst2|Temp[3]   ; Clock        ; Clock       ; 0.000        ; -0.001     ; 2.101      ;
; 1.837 ; alu1:inst2|Temp[6]   ; alu1:inst2|Result[6] ; Clock        ; Clock       ; 0.000        ; 0.000      ; 2.103      ;
; 1.850 ; reg:inst1|Q[5]       ; alu1:inst2|Temp[3]   ; Clock        ; Clock       ; 0.000        ; -0.001     ; 2.115      ;
; 1.852 ; reg:inst1|Q[2]       ; alu1:inst2|Temp[5]   ; Clock        ; Clock       ; 0.000        ; -0.003     ; 2.115      ;
; 1.853 ; fsm9:inst3|yfsm.s1   ; fsm9:inst3|yfsm.s0   ; Clock        ; Clock       ; 0.000        ; 0.000      ; 2.119      ;
; 1.860 ; reg:inst|Q[7]        ; alu1:inst2|Result[7] ; Clock        ; Clock       ; 0.000        ; -0.001     ; 2.125      ;
; 1.861 ; alu1:inst2|Temp[5]   ; alu1:inst2|Result[5] ; Clock        ; Clock       ; 0.000        ; 0.002      ; 2.129      ;
; 1.890 ; fsm9:inst3|yfsm.s3   ; alu1:inst2|Temp[6]   ; Clock        ; Clock       ; 0.000        ; 0.001      ; 2.157      ;
; 1.925 ; reg:inst1|Q[2]       ; alu1:inst2|Result[2] ; Clock        ; Clock       ; 0.000        ; -0.001     ; 2.190      ;
; 1.940 ; reg:inst1|Q[3]       ; alu1:inst2|Result[3] ; Clock        ; Clock       ; 0.000        ; -0.001     ; 2.205      ;
; 1.978 ; alu1:inst2|Temp[2]   ; alu1:inst2|Result[2] ; Clock        ; Clock       ; 0.000        ; 0.002      ; 2.246      ;
; 1.980 ; reg:inst1|Q[7]       ; alu1:inst2|Result[7] ; Clock        ; Clock       ; 0.000        ; 0.000      ; 2.246      ;
; 1.984 ; fsm9:inst3|yfsm.s2   ; alu1:inst2|Temp[6]   ; Clock        ; Clock       ; 0.000        ; 0.001      ; 2.251      ;
; 1.995 ; reg:inst1|Q[1]       ; alu1:inst2|Result[1] ; Clock        ; Clock       ; 0.000        ; -0.001     ; 2.260      ;
; 1.998 ; fsm9:inst3|yfsm.s2   ; alu1:inst2|Temp[0]   ; Clock        ; Clock       ; 0.000        ; 0.003      ; 2.267      ;
; 1.998 ; fsm9:inst3|yfsm.s2   ; alu1:inst2|Temp[1]   ; Clock        ; Clock       ; 0.000        ; 0.003      ; 2.267      ;
; 2.009 ; reg:inst|Q[6]        ; alu1:inst2|Result[6] ; Clock        ; Clock       ; 0.000        ; -0.001     ; 2.274      ;
; 2.033 ; reg:inst1|Q[6]       ; alu1:inst2|Temp[1]   ; Clock        ; Clock       ; 0.000        ; 0.002      ; 2.301      ;
; 2.034 ; alu1:inst2|Temp[0]   ; alu1:inst2|Result[0] ; Clock        ; Clock       ; 0.000        ; -0.002     ; 2.298      ;
; 2.037 ; reg:inst1|Q[5]       ; alu1:inst2|Temp[2]   ; Clock        ; Clock       ; 0.000        ; -0.003     ; 2.300      ;
; 2.041 ; fsm9:inst3|yfsm.s7   ; alu1:inst2|Temp[6]   ; Clock        ; Clock       ; 0.000        ; 0.001      ; 2.308      ;
; 2.046 ; fsm9:inst3|yfsm.s7   ; alu1:inst2|Temp[7]   ; Clock        ; Clock       ; 0.000        ; 0.001      ; 2.313      ;
; 2.046 ; fsm9:inst3|yfsm.s7   ; alu1:inst2|Temp[3]   ; Clock        ; Clock       ; 0.000        ; 0.001      ; 2.313      ;
; 2.049 ; fsm9:inst3|yfsm.s3   ; alu1:inst2|Temp[7]   ; Clock        ; Clock       ; 0.000        ; 0.001      ; 2.316      ;
; 2.049 ; fsm9:inst3|yfsm.s3   ; alu1:inst2|Temp[3]   ; Clock        ; Clock       ; 0.000        ; 0.001      ; 2.316      ;
; 2.057 ; fsm9:inst3|yfsm.s3   ; alu1:inst2|Result[1] ; Clock        ; Clock       ; 0.000        ; 0.001      ; 2.324      ;
; 2.062 ; reg:inst|Q[4]        ; alu1:inst2|Temp[4]   ; Clock        ; Clock       ; 0.000        ; -0.001     ; 2.327      ;
; 2.064 ; fsm9:inst3|yfsm.s7   ; alu1:inst2|Temp[5]   ; Clock        ; Clock       ; 0.000        ; -0.001     ; 2.329      ;
; 2.064 ; fsm9:inst3|yfsm.s7   ; alu1:inst2|Temp[2]   ; Clock        ; Clock       ; 0.000        ; -0.001     ; 2.329      ;
; 2.067 ; fsm9:inst3|yfsm.s3   ; alu1:inst2|Temp[5]   ; Clock        ; Clock       ; 0.000        ; -0.001     ; 2.332      ;
; 2.067 ; fsm9:inst3|yfsm.s3   ; alu1:inst2|Temp[2]   ; Clock        ; Clock       ; 0.000        ; -0.001     ; 2.332      ;
; 2.086 ; fsm9:inst3|yfsm.s6   ; alu1:inst2|Temp[7]   ; Clock        ; Clock       ; 0.000        ; 0.001      ; 2.353      ;
; 2.086 ; fsm9:inst3|yfsm.s6   ; alu1:inst2|Temp[3]   ; Clock        ; Clock       ; 0.000        ; 0.001      ; 2.353      ;
; 2.097 ; reg:inst1|Q[4]       ; alu1:inst2|Result[4] ; Clock        ; Clock       ; 0.000        ; -0.001     ; 2.362      ;
; 2.099 ; reg:inst1|Q[2]       ; alu1:inst2|Result[0] ; Clock        ; Clock       ; 0.000        ; -0.001     ; 2.364      ;
; 2.104 ; fsm9:inst3|yfsm.s6   ; alu1:inst2|Temp[5]   ; Clock        ; Clock       ; 0.000        ; -0.001     ; 2.369      ;
; 2.104 ; fsm9:inst3|yfsm.s6   ; alu1:inst2|Temp[2]   ; Clock        ; Clock       ; 0.000        ; -0.001     ; 2.369      ;
; 2.115 ; reg:inst1|Q[5]       ; alu1:inst2|Result[5] ; Clock        ; Clock       ; 0.000        ; -0.001     ; 2.380      ;
; 2.121 ; reg:inst|Q[2]        ; alu1:inst2|Result[2] ; Clock        ; Clock       ; 0.000        ; -0.001     ; 2.386      ;
; 2.134 ; fsm9:inst3|yfsm.s2   ; alu1:inst2|Result[6] ; Clock        ; Clock       ; 0.000        ; 0.001      ; 2.401      ;
; 2.138 ; reg:inst1|Q[0]       ; alu1:inst2|Temp[6]   ; Clock        ; Clock       ; 0.000        ; -0.001     ; 2.403      ;
; 2.145 ; reg:inst|Q[5]        ; alu1:inst2|Result[5] ; Clock        ; Clock       ; 0.000        ; -0.001     ; 2.410      ;
; 2.146 ; fsm9:inst3|yfsm.s2   ; alu1:inst2|Result[4] ; Clock        ; Clock       ; 0.000        ; 0.001      ; 2.413      ;
; 2.155 ; fsm9:inst3|yfsm.s6   ; alu1:inst2|Result[4] ; Clock        ; Clock       ; 0.000        ; 0.001      ; 2.422      ;
; 2.163 ; fsm9:inst3|yfsm.s5   ; alu1:inst2|Temp[6]   ; Clock        ; Clock       ; 0.000        ; 0.001      ; 2.430      ;
; 2.165 ; fsm9:inst3|yfsm.s7   ; alu1:inst2|Result[1] ; Clock        ; Clock       ; 0.000        ; 0.001      ; 2.432      ;
; 2.173 ; fsm9:inst3|yfsm.s1   ; alu1:inst2|Temp[3]   ; Clock        ; Clock       ; 0.000        ; 0.001      ; 2.440      ;
; 2.177 ; fsm9:inst3|yfsm.s1   ; alu1:inst2|Result[6] ; Clock        ; Clock       ; 0.000        ; 0.001      ; 2.444      ;
; 2.189 ; fsm9:inst3|yfsm.s1   ; alu1:inst2|Result[4] ; Clock        ; Clock       ; 0.000        ; 0.001      ; 2.456      ;
+-------+----------------------+----------------------+--------------+-------------+--------------+------------+------------+


+--------------------------------------------------------------------------------------------------------------+
; Slow Model Minimum Pulse Width: 'Clock'                                                                      ;
+--------+--------------+----------------+------------------+-------+------------+-----------------------------+
; Slack  ; Actual Width ; Required Width ; Type             ; Clock ; Clock Edge ; Target                      ;
+--------+--------------+----------------+------------------+-------+------------+-----------------------------+
; -1.222 ; 1.000        ; 2.222          ; Port Rate        ; Clock ; Rise       ; Clock                       ;
; -0.500 ; 0.500        ; 1.000          ; High Pulse Width ; Clock ; Rise       ; alu1:inst2|Result[0]        ;
; -0.500 ; 0.500        ; 1.000          ; Low Pulse Width  ; Clock ; Rise       ; alu1:inst2|Result[0]        ;
; -0.500 ; 0.500        ; 1.000          ; High Pulse Width ; Clock ; Rise       ; alu1:inst2|Result[1]        ;
; -0.500 ; 0.500        ; 1.000          ; Low Pulse Width  ; Clock ; Rise       ; alu1:inst2|Result[1]        ;
; -0.500 ; 0.500        ; 1.000          ; High Pulse Width ; Clock ; Rise       ; alu1:inst2|Result[2]        ;
; -0.500 ; 0.500        ; 1.000          ; Low Pulse Width  ; Clock ; Rise       ; alu1:inst2|Result[2]        ;
; -0.500 ; 0.500        ; 1.000          ; High Pulse Width ; Clock ; Rise       ; alu1:inst2|Result[3]        ;
; -0.500 ; 0.500        ; 1.000          ; Low Pulse Width  ; Clock ; Rise       ; alu1:inst2|Result[3]        ;
; -0.500 ; 0.500        ; 1.000          ; High Pulse Width ; Clock ; Rise       ; alu1:inst2|Result[4]        ;
; -0.500 ; 0.500        ; 1.000          ; Low Pulse Width  ; Clock ; Rise       ; alu1:inst2|Result[4]        ;
; -0.500 ; 0.500        ; 1.000          ; High Pulse Width ; Clock ; Rise       ; alu1:inst2|Result[5]        ;
; -0.500 ; 0.500        ; 1.000          ; Low Pulse Width  ; Clock ; Rise       ; alu1:inst2|Result[5]        ;
; -0.500 ; 0.500        ; 1.000          ; High Pulse Width ; Clock ; Rise       ; alu1:inst2|Result[6]        ;
; -0.500 ; 0.500        ; 1.000          ; Low Pulse Width  ; Clock ; Rise       ; alu1:inst2|Result[6]        ;
; -0.500 ; 0.500        ; 1.000          ; High Pulse Width ; Clock ; Rise       ; alu1:inst2|Result[7]        ;
; -0.500 ; 0.500        ; 1.000          ; Low Pulse Width  ; Clock ; Rise       ; alu1:inst2|Result[7]        ;
; -0.500 ; 0.500        ; 1.000          ; High Pulse Width ; Clock ; Rise       ; alu1:inst2|Temp[0]          ;
; -0.500 ; 0.500        ; 1.000          ; Low Pulse Width  ; Clock ; Rise       ; alu1:inst2|Temp[0]          ;
; -0.500 ; 0.500        ; 1.000          ; High Pulse Width ; Clock ; Rise       ; alu1:inst2|Temp[1]          ;
; -0.500 ; 0.500        ; 1.000          ; Low Pulse Width  ; Clock ; Rise       ; alu1:inst2|Temp[1]          ;
; -0.500 ; 0.500        ; 1.000          ; High Pulse Width ; Clock ; Rise       ; alu1:inst2|Temp[2]          ;
; -0.500 ; 0.500        ; 1.000          ; Low Pulse Width  ; Clock ; Rise       ; alu1:inst2|Temp[2]          ;
; -0.500 ; 0.500        ; 1.000          ; High Pulse Width ; Clock ; Rise       ; alu1:inst2|Temp[3]          ;
; -0.500 ; 0.500        ; 1.000          ; Low Pulse Width  ; Clock ; Rise       ; alu1:inst2|Temp[3]          ;
; -0.500 ; 0.500        ; 1.000          ; High Pulse Width ; Clock ; Rise       ; alu1:inst2|Temp[4]          ;
; -0.500 ; 0.500        ; 1.000          ; Low Pulse Width  ; Clock ; Rise       ; alu1:inst2|Temp[4]          ;
; -0.500 ; 0.500        ; 1.000          ; High Pulse Width ; Clock ; Rise       ; alu1:inst2|Temp[5]          ;
; -0.500 ; 0.500        ; 1.000          ; Low Pulse Width  ; Clock ; Rise       ; alu1:inst2|Temp[5]          ;
; -0.500 ; 0.500        ; 1.000          ; High Pulse Width ; Clock ; Rise       ; alu1:inst2|Temp[6]          ;
; -0.500 ; 0.500        ; 1.000          ; Low Pulse Width  ; Clock ; Rise       ; alu1:inst2|Temp[6]          ;
; -0.500 ; 0.500        ; 1.000          ; High Pulse Width ; Clock ; Rise       ; alu1:inst2|Temp[7]          ;
; -0.500 ; 0.500        ; 1.000          ; Low Pulse Width  ; Clock ; Rise       ; alu1:inst2|Temp[7]          ;
; -0.500 ; 0.500        ; 1.000          ; High Pulse Width ; Clock ; Rise       ; fsm9:inst3|yfsm.s0          ;
; -0.500 ; 0.500        ; 1.000          ; Low Pulse Width  ; Clock ; Rise       ; fsm9:inst3|yfsm.s0          ;
; -0.500 ; 0.500        ; 1.000          ; High Pulse Width ; Clock ; Rise       ; fsm9:inst3|yfsm.s1          ;
; -0.500 ; 0.500        ; 1.000          ; Low Pulse Width  ; Clock ; Rise       ; fsm9:inst3|yfsm.s1          ;
; -0.500 ; 0.500        ; 1.000          ; High Pulse Width ; Clock ; Rise       ; fsm9:inst3|yfsm.s2          ;
; -0.500 ; 0.500        ; 1.000          ; Low Pulse Width  ; Clock ; Rise       ; fsm9:inst3|yfsm.s2          ;
; -0.500 ; 0.500        ; 1.000          ; High Pulse Width ; Clock ; Rise       ; fsm9:inst3|yfsm.s3          ;
; -0.500 ; 0.500        ; 1.000          ; Low Pulse Width  ; Clock ; Rise       ; fsm9:inst3|yfsm.s3          ;
; -0.500 ; 0.500        ; 1.000          ; High Pulse Width ; Clock ; Rise       ; fsm9:inst3|yfsm.s4          ;
; -0.500 ; 0.500        ; 1.000          ; Low Pulse Width  ; Clock ; Rise       ; fsm9:inst3|yfsm.s4          ;
; -0.500 ; 0.500        ; 1.000          ; High Pulse Width ; Clock ; Rise       ; fsm9:inst3|yfsm.s5          ;
; -0.500 ; 0.500        ; 1.000          ; Low Pulse Width  ; Clock ; Rise       ; fsm9:inst3|yfsm.s5          ;
; -0.500 ; 0.500        ; 1.000          ; High Pulse Width ; Clock ; Rise       ; fsm9:inst3|yfsm.s6          ;
; -0.500 ; 0.500        ; 1.000          ; Low Pulse Width  ; Clock ; Rise       ; fsm9:inst3|yfsm.s6          ;
; -0.500 ; 0.500        ; 1.000          ; High Pulse Width ; Clock ; Rise       ; fsm9:inst3|yfsm.s7          ;
; -0.500 ; 0.500        ; 1.000          ; Low Pulse Width  ; Clock ; Rise       ; fsm9:inst3|yfsm.s7          ;
; -0.500 ; 0.500        ; 1.000          ; High Pulse Width ; Clock ; Rise       ; fsm9:inst3|yfsm.s8          ;
; -0.500 ; 0.500        ; 1.000          ; Low Pulse Width  ; Clock ; Rise       ; fsm9:inst3|yfsm.s8          ;
; -0.500 ; 0.500        ; 1.000          ; High Pulse Width ; Clock ; Rise       ; reg:inst1|Q[0]              ;
; -0.500 ; 0.500        ; 1.000          ; Low Pulse Width  ; Clock ; Rise       ; reg:inst1|Q[0]              ;
; -0.500 ; 0.500        ; 1.000          ; High Pulse Width ; Clock ; Rise       ; reg:inst1|Q[1]              ;
; -0.500 ; 0.500        ; 1.000          ; Low Pulse Width  ; Clock ; Rise       ; reg:inst1|Q[1]              ;
; -0.500 ; 0.500        ; 1.000          ; High Pulse Width ; Clock ; Rise       ; reg:inst1|Q[2]              ;
; -0.500 ; 0.500        ; 1.000          ; Low Pulse Width  ; Clock ; Rise       ; reg:inst1|Q[2]              ;
; -0.500 ; 0.500        ; 1.000          ; High Pulse Width ; Clock ; Rise       ; reg:inst1|Q[3]              ;
; -0.500 ; 0.500        ; 1.000          ; Low Pulse Width  ; Clock ; Rise       ; reg:inst1|Q[3]              ;
; -0.500 ; 0.500        ; 1.000          ; High Pulse Width ; Clock ; Rise       ; reg:inst1|Q[4]              ;
; -0.500 ; 0.500        ; 1.000          ; Low Pulse Width  ; Clock ; Rise       ; reg:inst1|Q[4]              ;
; -0.500 ; 0.500        ; 1.000          ; High Pulse Width ; Clock ; Rise       ; reg:inst1|Q[5]              ;
; -0.500 ; 0.500        ; 1.000          ; Low Pulse Width  ; Clock ; Rise       ; reg:inst1|Q[5]              ;
; -0.500 ; 0.500        ; 1.000          ; High Pulse Width ; Clock ; Rise       ; reg:inst1|Q[6]              ;
; -0.500 ; 0.500        ; 1.000          ; Low Pulse Width  ; Clock ; Rise       ; reg:inst1|Q[6]              ;
; -0.500 ; 0.500        ; 1.000          ; High Pulse Width ; Clock ; Rise       ; reg:inst1|Q[7]              ;
; -0.500 ; 0.500        ; 1.000          ; Low Pulse Width  ; Clock ; Rise       ; reg:inst1|Q[7]              ;
; -0.500 ; 0.500        ; 1.000          ; High Pulse Width ; Clock ; Rise       ; reg:inst|Q[0]               ;
; -0.500 ; 0.500        ; 1.000          ; Low Pulse Width  ; Clock ; Rise       ; reg:inst|Q[0]               ;
; -0.500 ; 0.500        ; 1.000          ; High Pulse Width ; Clock ; Rise       ; reg:inst|Q[1]               ;
; -0.500 ; 0.500        ; 1.000          ; Low Pulse Width  ; Clock ; Rise       ; reg:inst|Q[1]               ;
; -0.500 ; 0.500        ; 1.000          ; High Pulse Width ; Clock ; Rise       ; reg:inst|Q[2]               ;
; -0.500 ; 0.500        ; 1.000          ; Low Pulse Width  ; Clock ; Rise       ; reg:inst|Q[2]               ;
; -0.500 ; 0.500        ; 1.000          ; High Pulse Width ; Clock ; Rise       ; reg:inst|Q[3]               ;
; -0.500 ; 0.500        ; 1.000          ; Low Pulse Width  ; Clock ; Rise       ; reg:inst|Q[3]               ;
; -0.500 ; 0.500        ; 1.000          ; High Pulse Width ; Clock ; Rise       ; reg:inst|Q[4]               ;
; -0.500 ; 0.500        ; 1.000          ; Low Pulse Width  ; Clock ; Rise       ; reg:inst|Q[4]               ;
; -0.500 ; 0.500        ; 1.000          ; High Pulse Width ; Clock ; Rise       ; reg:inst|Q[5]               ;
; -0.500 ; 0.500        ; 1.000          ; Low Pulse Width  ; Clock ; Rise       ; reg:inst|Q[5]               ;
; -0.500 ; 0.500        ; 1.000          ; High Pulse Width ; Clock ; Rise       ; reg:inst|Q[6]               ;
; -0.500 ; 0.500        ; 1.000          ; Low Pulse Width  ; Clock ; Rise       ; reg:inst|Q[6]               ;
; -0.500 ; 0.500        ; 1.000          ; High Pulse Width ; Clock ; Rise       ; reg:inst|Q[7]               ;
; -0.500 ; 0.500        ; 1.000          ; Low Pulse Width  ; Clock ; Rise       ; reg:inst|Q[7]               ;
; 0.500  ; 0.500        ; 0.000          ; High Pulse Width ; Clock ; Rise       ; Clock|combout               ;
; 0.500  ; 0.500        ; 0.000          ; Low Pulse Width  ; Clock ; Rise       ; Clock|combout               ;
; 0.500  ; 0.500        ; 0.000          ; High Pulse Width ; Clock ; Rise       ; Clock~clk_delay_ctrl|clk    ;
; 0.500  ; 0.500        ; 0.000          ; Low Pulse Width  ; Clock ; Rise       ; Clock~clk_delay_ctrl|clk    ;
; 0.500  ; 0.500        ; 0.000          ; High Pulse Width ; Clock ; Rise       ; Clock~clk_delay_ctrl|clkout ;
; 0.500  ; 0.500        ; 0.000          ; Low Pulse Width  ; Clock ; Rise       ; Clock~clk_delay_ctrl|clkout ;
; 0.500  ; 0.500        ; 0.000          ; High Pulse Width ; Clock ; Rise       ; Clock~clkctrl|inclk[0]      ;
; 0.500  ; 0.500        ; 0.000          ; Low Pulse Width  ; Clock ; Rise       ; Clock~clkctrl|inclk[0]      ;
; 0.500  ; 0.500        ; 0.000          ; High Pulse Width ; Clock ; Rise       ; Clock~clkctrl|outclk        ;
; 0.500  ; 0.500        ; 0.000          ; Low Pulse Width  ; Clock ; Rise       ; Clock~clkctrl|outclk        ;
; 0.500  ; 0.500        ; 0.000          ; High Pulse Width ; Clock ; Rise       ; inst1|Q[0]|clk              ;
; 0.500  ; 0.500        ; 0.000          ; Low Pulse Width  ; Clock ; Rise       ; inst1|Q[0]|clk              ;
; 0.500  ; 0.500        ; 0.000          ; High Pulse Width ; Clock ; Rise       ; inst1|Q[1]|clk              ;
; 0.500  ; 0.500        ; 0.000          ; Low Pulse Width  ; Clock ; Rise       ; inst1|Q[1]|clk              ;
; 0.500  ; 0.500        ; 0.000          ; High Pulse Width ; Clock ; Rise       ; inst1|Q[2]|clk              ;
; 0.500  ; 0.500        ; 0.000          ; Low Pulse Width  ; Clock ; Rise       ; inst1|Q[2]|clk              ;
; 0.500  ; 0.500        ; 0.000          ; High Pulse Width ; Clock ; Rise       ; inst1|Q[3]|clk              ;
+--------+--------------+----------------+------------------+-------+------------+-----------------------------+


+-----------------------------------------------------------------------+
; Setup Times                                                           ;
+-----------+------------+-------+-------+------------+-----------------+
; Data Port ; Clock Port ; Rise  ; Fall  ; Clock Edge ; Clock Reference ;
+-----------+------------+-------+-------+------------+-----------------+
; A[*]      ; Clock      ; 1.280 ; 1.280 ; Rise       ; Clock           ;
;  A[0]     ; Clock      ; 0.404 ; 0.404 ; Rise       ; Clock           ;
;  A[1]     ; Clock      ; 0.362 ; 0.362 ; Rise       ; Clock           ;
;  A[2]     ; Clock      ; 0.216 ; 0.216 ; Rise       ; Clock           ;
;  A[3]     ; Clock      ; 0.391 ; 0.391 ; Rise       ; Clock           ;
;  A[4]     ; Clock      ; 0.459 ; 0.459 ; Rise       ; Clock           ;
;  A[5]     ; Clock      ; 0.729 ; 0.729 ; Rise       ; Clock           ;
;  A[6]     ; Clock      ; 0.230 ; 0.230 ; Rise       ; Clock           ;
;  A[7]     ; Clock      ; 1.280 ; 1.280 ; Rise       ; Clock           ;
; B[*]      ; Clock      ; 4.709 ; 4.709 ; Rise       ; Clock           ;
;  B[0]     ; Clock      ; 1.281 ; 1.281 ; Rise       ; Clock           ;
;  B[1]     ; Clock      ; 1.183 ; 1.183 ; Rise       ; Clock           ;
;  B[2]     ; Clock      ; 1.222 ; 1.222 ; Rise       ; Clock           ;
;  B[3]     ; Clock      ; 1.348 ; 1.348 ; Rise       ; Clock           ;
;  B[4]     ; Clock      ; 1.426 ; 1.426 ; Rise       ; Clock           ;
;  B[5]     ; Clock      ; 4.709 ; 4.709 ; Rise       ; Clock           ;
;  B[6]     ; Clock      ; 4.576 ; 4.576 ; Rise       ; Clock           ;
;  B[7]     ; Clock      ; 4.690 ; 4.690 ; Rise       ; Clock           ;
; DataIn    ; Clock      ; 5.202 ; 5.202 ; Rise       ; Clock           ;
; Enable    ; Clock      ; 7.718 ; 7.718 ; Rise       ; Clock           ;
+-----------+------------+-------+-------+------------+-----------------+


+-------------------------------------------------------------------------+
; Hold Times                                                              ;
+-----------+------------+--------+--------+------------+-----------------+
; Data Port ; Clock Port ; Rise   ; Fall   ; Clock Edge ; Clock Reference ;
+-----------+------------+--------+--------+------------+-----------------+
; A[*]      ; Clock      ; 0.014  ; 0.014  ; Rise       ; Clock           ;
;  A[0]     ; Clock      ; -0.174 ; -0.174 ; Rise       ; Clock           ;
;  A[1]     ; Clock      ; -0.132 ; -0.132 ; Rise       ; Clock           ;
;  A[2]     ; Clock      ; 0.014  ; 0.014  ; Rise       ; Clock           ;
;  A[3]     ; Clock      ; -0.161 ; -0.161 ; Rise       ; Clock           ;
;  A[4]     ; Clock      ; -0.229 ; -0.229 ; Rise       ; Clock           ;
;  A[5]     ; Clock      ; -0.499 ; -0.499 ; Rise       ; Clock           ;
;  A[6]     ; Clock      ; 0.000  ; 0.000  ; Rise       ; Clock           ;
;  A[7]     ; Clock      ; -1.050 ; -1.050 ; Rise       ; Clock           ;
; B[*]      ; Clock      ; -0.953 ; -0.953 ; Rise       ; Clock           ;
;  B[0]     ; Clock      ; -1.051 ; -1.051 ; Rise       ; Clock           ;
;  B[1]     ; Clock      ; -0.953 ; -0.953 ; Rise       ; Clock           ;
;  B[2]     ; Clock      ; -0.992 ; -0.992 ; Rise       ; Clock           ;
;  B[3]     ; Clock      ; -1.118 ; -1.118 ; Rise       ; Clock           ;
;  B[4]     ; Clock      ; -1.196 ; -1.196 ; Rise       ; Clock           ;
;  B[5]     ; Clock      ; -4.479 ; -4.479 ; Rise       ; Clock           ;
;  B[6]     ; Clock      ; -4.346 ; -4.346 ; Rise       ; Clock           ;
;  B[7]     ; Clock      ; -4.460 ; -4.460 ; Rise       ; Clock           ;
; DataIn    ; Clock      ; -4.972 ; -4.972 ; Rise       ; Clock           ;
; Enable    ; Clock      ; -4.668 ; -4.668 ; Rise       ; Clock           ;
+-----------+------------+--------+--------+------------+-----------------+


+-----------------------------------------------------------------------+
; Clock to Output Times                                                 ;
+-----------+------------+-------+-------+------------+-----------------+
; Data Port ; Clock Port ; Rise  ; Fall  ; Clock Edge ; Clock Reference ;
+-----------+------------+-------+-------+------------+-----------------+
; ID[*]     ; Clock      ; 8.898 ; 8.898 ; Rise       ; Clock           ;
;  ID[1]    ; Clock      ; 8.894 ; 8.894 ; Rise       ; Clock           ;
;  ID[2]    ; Clock      ; 8.705 ; 8.705 ; Rise       ; Clock           ;
;  ID[3]    ; Clock      ; 8.647 ; 8.647 ; Rise       ; Clock           ;
;  ID[4]    ; Clock      ; 8.898 ; 8.898 ; Rise       ; Clock           ;
;  ID[5]    ; Clock      ; 8.722 ; 8.722 ; Rise       ; Clock           ;
;  ID[6]    ; Clock      ; 8.359 ; 8.359 ; Rise       ; Clock           ;
;  ID[7]    ; Clock      ; 8.633 ; 8.633 ; Rise       ; Clock           ;
; Left[*]   ; Clock      ; 8.114 ; 8.114 ; Rise       ; Clock           ;
;  Left[1]  ; Clock      ; 8.076 ; 8.076 ; Rise       ; Clock           ;
;  Left[2]  ; Clock      ; 8.114 ; 8.114 ; Rise       ; Clock           ;
;  Left[3]  ; Clock      ; 7.859 ; 7.859 ; Rise       ; Clock           ;
;  Left[4]  ; Clock      ; 7.923 ; 7.923 ; Rise       ; Clock           ;
;  Left[5]  ; Clock      ; 7.952 ; 7.952 ; Rise       ; Clock           ;
;  Left[6]  ; Clock      ; 7.651 ; 7.651 ; Rise       ; Clock           ;
;  Left[7]  ; Clock      ; 7.712 ; 7.712 ; Rise       ; Clock           ;
; Right[*]  ; Clock      ; 9.664 ; 9.664 ; Rise       ; Clock           ;
;  Right[1] ; Clock      ; 9.654 ; 9.654 ; Rise       ; Clock           ;
;  Right[2] ; Clock      ; 9.655 ; 9.655 ; Rise       ; Clock           ;
;  Right[3] ; Clock      ; 9.664 ; 9.664 ; Rise       ; Clock           ;
;  Right[4] ; Clock      ; 9.437 ; 9.437 ; Rise       ; Clock           ;
;  Right[5] ; Clock      ; 9.406 ; 9.406 ; Rise       ; Clock           ;
;  Right[6] ; Clock      ; 9.399 ; 9.399 ; Rise       ; Clock           ;
;  Right[7] ; Clock      ; 9.419 ; 9.419 ; Rise       ; Clock           ;
+-----------+------------+-------+-------+------------+-----------------+


+-----------------------------------------------------------------------+
; Minimum Clock to Output Times                                         ;
+-----------+------------+-------+-------+------------+-----------------+
; Data Port ; Clock Port ; Rise  ; Fall  ; Clock Edge ; Clock Reference ;
+-----------+------------+-------+-------+------------+-----------------+
; ID[*]     ; Clock      ; 7.320 ; 7.320 ; Rise       ; Clock           ;
;  ID[1]    ; Clock      ; 7.889 ; 7.889 ; Rise       ; Clock           ;
;  ID[2]    ; Clock      ; 7.699 ; 7.699 ; Rise       ; Clock           ;
;  ID[3]    ; Clock      ; 7.688 ; 7.688 ; Rise       ; Clock           ;
;  ID[4]    ; Clock      ; 7.893 ; 7.893 ; Rise       ; Clock           ;
;  ID[5]    ; Clock      ; 7.712 ; 7.712 ; Rise       ; Clock           ;
;  ID[6]    ; Clock      ; 7.320 ; 7.320 ; Rise       ; Clock           ;
;  ID[7]    ; Clock      ; 7.594 ; 7.594 ; Rise       ; Clock           ;
; Left[*]   ; Clock      ; 7.342 ; 7.342 ; Rise       ; Clock           ;
;  Left[1]  ; Clock      ; 7.790 ; 7.790 ; Rise       ; Clock           ;
;  Left[2]  ; Clock      ; 7.804 ; 7.804 ; Rise       ; Clock           ;
;  Left[3]  ; Clock      ; 7.550 ; 7.550 ; Rise       ; Clock           ;
;  Left[4]  ; Clock      ; 7.612 ; 7.612 ; Rise       ; Clock           ;
;  Left[5]  ; Clock      ; 7.674 ; 7.674 ; Rise       ; Clock           ;
;  Left[6]  ; Clock      ; 7.342 ; 7.342 ; Rise       ; Clock           ;
;  Left[7]  ; Clock      ; 7.402 ; 7.402 ; Rise       ; Clock           ;
; Right[*]  ; Clock      ; 8.762 ; 8.762 ; Rise       ; Clock           ;
;  Right[1] ; Clock      ; 9.014 ; 9.014 ; Rise       ; Clock           ;
;  Right[2] ; Clock      ; 8.995 ; 8.995 ; Rise       ; Clock           ;
;  Right[3] ; Clock      ; 9.004 ; 9.004 ; Rise       ; Clock           ;
;  Right[4] ; Clock      ; 8.779 ; 8.779 ; Rise       ; Clock           ;
;  Right[5] ; Clock      ; 8.777 ; 8.777 ; Rise       ; Clock           ;
;  Right[6] ; Clock      ; 8.769 ; 8.769 ; Rise       ; Clock           ;
;  Right[7] ; Clock      ; 8.762 ; 8.762 ; Rise       ; Clock           ;
+-----------+------------+-------+-------+------------+-----------------+


+--------------------------------+
; Fast Model Setup Summary       ;
+-------+--------+---------------+
; Clock ; Slack  ; End Point TNS ;
+-------+--------+---------------+
; Clock ; -0.888 ; -10.708       ;
+-------+--------+---------------+


+-------------------------------+
; Fast Model Hold Summary       ;
+-------+-------+---------------+
; Clock ; Slack ; End Point TNS ;
+-------+-------+---------------+
; Clock ; 0.215 ; 0.000         ;
+-------+-------+---------------+


-------------------------------
; Fast Model Recovery Summary ;
-------------------------------
No paths to report.


------------------------------
; Fast Model Removal Summary ;
------------------------------
No paths to report.


+----------------------------------------+
; Fast Model Minimum Pulse Width Summary ;
+-------+--------+-----------------------+
; Clock ; Slack  ; End Point TNS         ;
+-------+--------+-----------------------+
; Clock ; -1.222 ; -42.222               ;
+-------+--------+-----------------------+


+--------------------------------------------------------------------------------------------------------------------------+
; Fast Model Setup: 'Clock'                                                                                                ;
+--------+--------------------+----------------------+--------------+-------------+--------------+------------+------------+
; Slack  ; From Node          ; To Node              ; Launch Clock ; Latch Clock ; Relationship ; Clock Skew ; Data Delay ;
+--------+--------------------+----------------------+--------------+-------------+--------------+------------+------------+
; -0.888 ; fsm9:inst3|yfsm.s4 ; alu1:inst2|Temp[4]   ; Clock        ; Clock       ; 1.000        ; 0.001      ; 1.921      ;
; -0.888 ; fsm9:inst3|yfsm.s4 ; alu1:inst2|Temp[6]   ; Clock        ; Clock       ; 1.000        ; 0.001      ; 1.921      ;
; -0.876 ; fsm9:inst3|yfsm.s5 ; alu1:inst2|Temp[4]   ; Clock        ; Clock       ; 1.000        ; 0.001      ; 1.909      ;
; -0.876 ; fsm9:inst3|yfsm.s5 ; alu1:inst2|Temp[6]   ; Clock        ; Clock       ; 1.000        ; 0.001      ; 1.909      ;
; -0.802 ; fsm9:inst3|yfsm.s6 ; alu1:inst2|Temp[4]   ; Clock        ; Clock       ; 1.000        ; 0.001      ; 1.835      ;
; -0.802 ; fsm9:inst3|yfsm.s6 ; alu1:inst2|Temp[6]   ; Clock        ; Clock       ; 1.000        ; 0.001      ; 1.835      ;
; -0.798 ; fsm9:inst3|yfsm.s3 ; alu1:inst2|Temp[4]   ; Clock        ; Clock       ; 1.000        ; 0.001      ; 1.831      ;
; -0.798 ; fsm9:inst3|yfsm.s3 ; alu1:inst2|Temp[6]   ; Clock        ; Clock       ; 1.000        ; 0.001      ; 1.831      ;
; -0.789 ; fsm9:inst3|yfsm.s7 ; alu1:inst2|Temp[4]   ; Clock        ; Clock       ; 1.000        ; 0.001      ; 1.822      ;
; -0.789 ; fsm9:inst3|yfsm.s7 ; alu1:inst2|Temp[6]   ; Clock        ; Clock       ; 1.000        ; 0.001      ; 1.822      ;
; -0.741 ; fsm9:inst3|yfsm.s4 ; alu1:inst2|Result[2] ; Clock        ; Clock       ; 1.000        ; 0.002      ; 1.775      ;
; -0.729 ; fsm9:inst3|yfsm.s5 ; alu1:inst2|Result[2] ; Clock        ; Clock       ; 1.000        ; 0.002      ; 1.763      ;
; -0.723 ; fsm9:inst3|yfsm.s1 ; alu1:inst2|Temp[4]   ; Clock        ; Clock       ; 1.000        ; 0.001      ; 1.756      ;
; -0.723 ; fsm9:inst3|yfsm.s1 ; alu1:inst2|Temp[6]   ; Clock        ; Clock       ; 1.000        ; 0.001      ; 1.756      ;
; -0.695 ; fsm9:inst3|yfsm.s4 ; alu1:inst2|Result[4] ; Clock        ; Clock       ; 1.000        ; 0.002      ; 1.729      ;
; -0.695 ; fsm9:inst3|yfsm.s4 ; alu1:inst2|Result[5] ; Clock        ; Clock       ; 1.000        ; 0.002      ; 1.729      ;
; -0.689 ; fsm9:inst3|yfsm.s8 ; alu1:inst2|Temp[0]   ; Clock        ; Clock       ; 1.000        ; 0.004      ; 1.725      ;
; -0.689 ; fsm9:inst3|yfsm.s8 ; alu1:inst2|Temp[1]   ; Clock        ; Clock       ; 1.000        ; 0.004      ; 1.725      ;
; -0.683 ; fsm9:inst3|yfsm.s5 ; alu1:inst2|Result[4] ; Clock        ; Clock       ; 1.000        ; 0.002      ; 1.717      ;
; -0.683 ; fsm9:inst3|yfsm.s5 ; alu1:inst2|Result[5] ; Clock        ; Clock       ; 1.000        ; 0.002      ; 1.717      ;
; -0.682 ; reg:inst1|Q[1]     ; alu1:inst2|Result[5] ; Clock        ; Clock       ; 1.000        ; -0.001     ; 1.713      ;
; -0.675 ; fsm9:inst3|yfsm.s1 ; alu1:inst2|Result[2] ; Clock        ; Clock       ; 1.000        ; 0.002      ; 1.709      ;
; -0.674 ; fsm9:inst3|yfsm.s8 ; alu1:inst2|Temp[3]   ; Clock        ; Clock       ; 1.000        ; 0.002      ; 1.708      ;
; -0.674 ; fsm9:inst3|yfsm.s8 ; alu1:inst2|Temp[4]   ; Clock        ; Clock       ; 1.000        ; 0.001      ; 1.707      ;
; -0.674 ; fsm9:inst3|yfsm.s8 ; alu1:inst2|Temp[6]   ; Clock        ; Clock       ; 1.000        ; 0.001      ; 1.707      ;
; -0.672 ; fsm9:inst3|yfsm.s2 ; alu1:inst2|Temp[4]   ; Clock        ; Clock       ; 1.000        ; 0.001      ; 1.705      ;
; -0.672 ; fsm9:inst3|yfsm.s2 ; alu1:inst2|Temp[6]   ; Clock        ; Clock       ; 1.000        ; 0.001      ; 1.705      ;
; -0.668 ; fsm9:inst3|yfsm.s5 ; alu1:inst2|Temp[0]   ; Clock        ; Clock       ; 1.000        ; 0.004      ; 1.704      ;
; -0.668 ; fsm9:inst3|yfsm.s5 ; alu1:inst2|Temp[1]   ; Clock        ; Clock       ; 1.000        ; 0.004      ; 1.704      ;
; -0.664 ; fsm9:inst3|yfsm.s4 ; alu1:inst2|Result[1] ; Clock        ; Clock       ; 1.000        ; 0.002      ; 1.698      ;
; -0.663 ; fsm9:inst3|yfsm.s8 ; alu1:inst2|Temp[7]   ; Clock        ; Clock       ; 1.000        ; 0.002      ; 1.697      ;
; -0.655 ; fsm9:inst3|yfsm.s4 ; alu1:inst2|Result[3] ; Clock        ; Clock       ; 1.000        ; 0.002      ; 1.689      ;
; -0.655 ; fsm9:inst3|yfsm.s6 ; alu1:inst2|Result[2] ; Clock        ; Clock       ; 1.000        ; 0.002      ; 1.689      ;
; -0.653 ; fsm9:inst3|yfsm.s5 ; alu1:inst2|Temp[3]   ; Clock        ; Clock       ; 1.000        ; 0.002      ; 1.687      ;
; -0.652 ; fsm9:inst3|yfsm.s5 ; alu1:inst2|Result[1] ; Clock        ; Clock       ; 1.000        ; 0.002      ; 1.686      ;
; -0.651 ; fsm9:inst3|yfsm.s3 ; alu1:inst2|Result[2] ; Clock        ; Clock       ; 1.000        ; 0.002      ; 1.685      ;
; -0.647 ; reg:inst1|Q[1]     ; alu1:inst2|Result[3] ; Clock        ; Clock       ; 1.000        ; -0.001     ; 1.678      ;
; -0.645 ; fsm9:inst3|yfsm.s6 ; alu1:inst2|Result[0] ; Clock        ; Clock       ; 1.000        ; 0.001      ; 1.678      ;
; -0.643 ; fsm9:inst3|yfsm.s4 ; alu1:inst2|Temp[1]   ; Clock        ; Clock       ; 1.000        ; 0.004      ; 1.679      ;
; -0.643 ; fsm9:inst3|yfsm.s5 ; alu1:inst2|Result[3] ; Clock        ; Clock       ; 1.000        ; 0.002      ; 1.677      ;
; -0.642 ; reg:inst|Q[0]      ; alu1:inst2|Result[5] ; Clock        ; Clock       ; 1.000        ; -0.001     ; 1.673      ;
; -0.642 ; fsm9:inst3|yfsm.s5 ; alu1:inst2|Temp[7]   ; Clock        ; Clock       ; 1.000        ; 0.002      ; 1.676      ;
; -0.642 ; fsm9:inst3|yfsm.s7 ; alu1:inst2|Result[2] ; Clock        ; Clock       ; 1.000        ; 0.002      ; 1.676      ;
; -0.641 ; fsm9:inst3|yfsm.s4 ; alu1:inst2|Temp[0]   ; Clock        ; Clock       ; 1.000        ; 0.004      ; 1.677      ;
; -0.641 ; fsm9:inst3|yfsm.s3 ; alu1:inst2|Result[0] ; Clock        ; Clock       ; 1.000        ; 0.001      ; 1.674      ;
; -0.632 ; fsm9:inst3|yfsm.s7 ; alu1:inst2|Result[0] ; Clock        ; Clock       ; 1.000        ; 0.001      ; 1.665      ;
; -0.629 ; fsm9:inst3|yfsm.s1 ; alu1:inst2|Result[4] ; Clock        ; Clock       ; 1.000        ; 0.002      ; 1.663      ;
; -0.629 ; fsm9:inst3|yfsm.s1 ; alu1:inst2|Result[5] ; Clock        ; Clock       ; 1.000        ; 0.002      ; 1.663      ;
; -0.629 ; fsm9:inst3|yfsm.s4 ; alu1:inst2|Temp[3]   ; Clock        ; Clock       ; 1.000        ; 0.002      ; 1.663      ;
; -0.629 ; reg:inst1|Q[0]     ; alu1:inst2|Result[5] ; Clock        ; Clock       ; 1.000        ; -0.001     ; 1.660      ;
; -0.619 ; fsm9:inst3|yfsm.s6 ; alu1:inst2|Temp[0]   ; Clock        ; Clock       ; 1.000        ; 0.004      ; 1.655      ;
; -0.619 ; fsm9:inst3|yfsm.s6 ; alu1:inst2|Temp[1]   ; Clock        ; Clock       ; 1.000        ; 0.004      ; 1.655      ;
; -0.618 ; fsm9:inst3|yfsm.s4 ; alu1:inst2|Temp[7]   ; Clock        ; Clock       ; 1.000        ; 0.002      ; 1.652      ;
; -0.615 ; fsm9:inst3|yfsm.s3 ; alu1:inst2|Temp[0]   ; Clock        ; Clock       ; 1.000        ; 0.004      ; 1.651      ;
; -0.615 ; fsm9:inst3|yfsm.s3 ; alu1:inst2|Temp[1]   ; Clock        ; Clock       ; 1.000        ; 0.004      ; 1.651      ;
; -0.610 ; fsm9:inst3|yfsm.s4 ; alu1:inst2|Result[0] ; Clock        ; Clock       ; 1.000        ; 0.001      ; 1.643      ;
; -0.609 ; fsm9:inst3|yfsm.s6 ; alu1:inst2|Result[4] ; Clock        ; Clock       ; 1.000        ; 0.002      ; 1.643      ;
; -0.609 ; fsm9:inst3|yfsm.s6 ; alu1:inst2|Result[5] ; Clock        ; Clock       ; 1.000        ; 0.002      ; 1.643      ;
; -0.607 ; reg:inst|Q[0]      ; alu1:inst2|Result[3] ; Clock        ; Clock       ; 1.000        ; -0.001     ; 1.638      ;
; -0.606 ; fsm9:inst3|yfsm.s7 ; alu1:inst2|Temp[0]   ; Clock        ; Clock       ; 1.000        ; 0.004      ; 1.642      ;
; -0.606 ; fsm9:inst3|yfsm.s7 ; alu1:inst2|Temp[1]   ; Clock        ; Clock       ; 1.000        ; 0.004      ; 1.642      ;
; -0.605 ; fsm9:inst3|yfsm.s3 ; alu1:inst2|Result[4] ; Clock        ; Clock       ; 1.000        ; 0.002      ; 1.639      ;
; -0.605 ; fsm9:inst3|yfsm.s3 ; alu1:inst2|Result[5] ; Clock        ; Clock       ; 1.000        ; 0.002      ; 1.639      ;
; -0.599 ; fsm9:inst3|yfsm.s1 ; alu1:inst2|Result[0] ; Clock        ; Clock       ; 1.000        ; 0.001      ; 1.632      ;
; -0.598 ; fsm9:inst3|yfsm.s1 ; alu1:inst2|Result[1] ; Clock        ; Clock       ; 1.000        ; 0.002      ; 1.632      ;
; -0.598 ; fsm9:inst3|yfsm.s5 ; alu1:inst2|Result[0] ; Clock        ; Clock       ; 1.000        ; 0.001      ; 1.631      ;
; -0.596 ; fsm9:inst3|yfsm.s7 ; alu1:inst2|Result[4] ; Clock        ; Clock       ; 1.000        ; 0.002      ; 1.630      ;
; -0.596 ; fsm9:inst3|yfsm.s7 ; alu1:inst2|Result[5] ; Clock        ; Clock       ; 1.000        ; 0.002      ; 1.630      ;
; -0.594 ; reg:inst1|Q[0]     ; alu1:inst2|Result[3] ; Clock        ; Clock       ; 1.000        ; -0.001     ; 1.625      ;
; -0.590 ; fsm9:inst3|yfsm.s7 ; alu1:inst2|Temp[3]   ; Clock        ; Clock       ; 1.000        ; 0.002      ; 1.624      ;
; -0.589 ; fsm9:inst3|yfsm.s1 ; alu1:inst2|Result[3] ; Clock        ; Clock       ; 1.000        ; 0.002      ; 1.623      ;
; -0.587 ; reg:inst|Q[1]      ; alu1:inst2|Result[5] ; Clock        ; Clock       ; 1.000        ; -0.001     ; 1.618      ;
; -0.582 ; fsm9:inst3|yfsm.s1 ; alu1:inst2|Temp[0]   ; Clock        ; Clock       ; 1.000        ; 0.004      ; 1.618      ;
; -0.582 ; fsm9:inst3|yfsm.s1 ; alu1:inst2|Temp[1]   ; Clock        ; Clock       ; 1.000        ; 0.004      ; 1.618      ;
; -0.582 ; fsm9:inst3|yfsm.s8 ; alu1:inst2|Result[2] ; Clock        ; Clock       ; 1.000        ; 0.002      ; 1.616      ;
; -0.579 ; fsm9:inst3|yfsm.s7 ; alu1:inst2|Temp[7]   ; Clock        ; Clock       ; 1.000        ; 0.002      ; 1.613      ;
; -0.578 ; fsm9:inst3|yfsm.s6 ; alu1:inst2|Result[1] ; Clock        ; Clock       ; 1.000        ; 0.002      ; 1.612      ;
; -0.574 ; fsm9:inst3|yfsm.s3 ; alu1:inst2|Result[1] ; Clock        ; Clock       ; 1.000        ; 0.002      ; 1.608      ;
; -0.569 ; fsm9:inst3|yfsm.s6 ; alu1:inst2|Result[3] ; Clock        ; Clock       ; 1.000        ; 0.002      ; 1.603      ;
; -0.567 ; fsm9:inst3|yfsm.s1 ; alu1:inst2|Temp[3]   ; Clock        ; Clock       ; 1.000        ; 0.002      ; 1.601      ;
; -0.566 ; reg:inst|Q[0]      ; alu1:inst2|Result[1] ; Clock        ; Clock       ; 1.000        ; -0.001     ; 1.597      ;
; -0.565 ; fsm9:inst3|yfsm.s7 ; alu1:inst2|Result[1] ; Clock        ; Clock       ; 1.000        ; 0.002      ; 1.599      ;
; -0.565 ; fsm9:inst3|yfsm.s3 ; alu1:inst2|Result[3] ; Clock        ; Clock       ; 1.000        ; 0.002      ; 1.599      ;
; -0.561 ; fsm9:inst3|yfsm.s1 ; alu1:inst2|Result[6] ; Clock        ; Clock       ; 1.000        ; 0.002      ; 1.595      ;
; -0.559 ; reg:inst|Q[2]      ; alu1:inst2|Result[5] ; Clock        ; Clock       ; 1.000        ; -0.001     ; 1.590      ;
; -0.556 ; fsm9:inst3|yfsm.s1 ; alu1:inst2|Temp[7]   ; Clock        ; Clock       ; 1.000        ; 0.002      ; 1.590      ;
; -0.556 ; fsm9:inst3|yfsm.s7 ; alu1:inst2|Result[3] ; Clock        ; Clock       ; 1.000        ; 0.002      ; 1.590      ;
; -0.554 ; reg:inst1|Q[1]     ; alu1:inst2|Result[4] ; Clock        ; Clock       ; 1.000        ; -0.001     ; 1.585      ;
; -0.553 ; reg:inst1|Q[0]     ; alu1:inst2|Result[1] ; Clock        ; Clock       ; 1.000        ; -0.001     ; 1.584      ;
; -0.552 ; reg:inst|Q[1]      ; alu1:inst2|Result[3] ; Clock        ; Clock       ; 1.000        ; -0.001     ; 1.583      ;
; -0.546 ; fsm9:inst3|yfsm.s0 ; alu1:inst2|Temp[4]   ; Clock        ; Clock       ; 1.000        ; 0.001      ; 1.579      ;
; -0.544 ; reg:inst1|Q[1]     ; alu1:inst2|Result[7] ; Clock        ; Clock       ; 1.000        ; -0.001     ; 1.575      ;
; -0.542 ; reg:inst1|Q[2]     ; alu1:inst2|Result[5] ; Clock        ; Clock       ; 1.000        ; -0.001     ; 1.573      ;
; -0.536 ; fsm9:inst3|yfsm.s3 ; alu1:inst2|Temp[3]   ; Clock        ; Clock       ; 1.000        ; 0.002      ; 1.570      ;
; -0.536 ; fsm9:inst3|yfsm.s8 ; alu1:inst2|Result[4] ; Clock        ; Clock       ; 1.000        ; 0.002      ; 1.570      ;
; -0.536 ; fsm9:inst3|yfsm.s8 ; alu1:inst2|Result[5] ; Clock        ; Clock       ; 1.000        ; 0.002      ; 1.570      ;
; -0.532 ; fsm9:inst3|yfsm.s4 ; alu1:inst2|Result[6] ; Clock        ; Clock       ; 1.000        ; 0.002      ; 1.566      ;
; -0.527 ; fsm9:inst3|yfsm.s6 ; alu1:inst2|Temp[7]   ; Clock        ; Clock       ; 1.000        ; 0.002      ; 1.561      ;
; -0.527 ; fsm9:inst3|yfsm.s6 ; alu1:inst2|Temp[3]   ; Clock        ; Clock       ; 1.000        ; 0.002      ; 1.561      ;
; -0.525 ; fsm9:inst3|yfsm.s3 ; alu1:inst2|Temp[7]   ; Clock        ; Clock       ; 1.000        ; 0.002      ; 1.559      ;
+--------+--------------------+----------------------+--------------+-------------+--------------+------------+------------+


+---------------------------------------------------------------------------------------------------------------------------+
; Fast Model Hold: 'Clock'                                                                                                  ;
+-------+----------------------+----------------------+--------------+-------------+--------------+------------+------------+
; Slack ; From Node            ; To Node              ; Launch Clock ; Latch Clock ; Relationship ; Clock Skew ; Data Delay ;
+-------+----------------------+----------------------+--------------+-------------+--------------+------------+------------+
; 0.215 ; alu1:inst2|Result[0] ; alu1:inst2|Result[0] ; Clock        ; Clock       ; 0.000        ; 0.000      ; 0.367      ;
; 0.337 ; fsm9:inst3|yfsm.s7   ; fsm9:inst3|yfsm.s5   ; Clock        ; Clock       ; 0.000        ; 0.000      ; 0.489      ;
; 0.340 ; fsm9:inst3|yfsm.s6   ; fsm9:inst3|yfsm.s8   ; Clock        ; Clock       ; 0.000        ; 0.000      ; 0.492      ;
; 0.343 ; fsm9:inst3|yfsm.s8   ; fsm9:inst3|yfsm.s7   ; Clock        ; Clock       ; 0.000        ; 0.000      ; 0.495      ;
; 0.373 ; reg:inst1|Q[6]       ; alu1:inst2|Result[4] ; Clock        ; Clock       ; 0.000        ; 0.000      ; 0.525      ;
; 0.415 ; fsm9:inst3|yfsm.s3   ; fsm9:inst3|yfsm.s1   ; Clock        ; Clock       ; 0.000        ; 0.000      ; 0.567      ;
; 0.456 ; reg:inst|Q[1]        ; alu1:inst2|Temp[1]   ; Clock        ; Clock       ; 0.000        ; 0.001      ; 0.609      ;
; 0.469 ; reg:inst1|Q[3]       ; alu1:inst2|Temp[1]   ; Clock        ; Clock       ; 0.000        ; 0.001      ; 0.622      ;
; 0.473 ; reg:inst1|Q[7]       ; alu1:inst2|Result[5] ; Clock        ; Clock       ; 0.000        ; 0.000      ; 0.625      ;
; 0.523 ; alu1:inst2|Temp[3]   ; alu1:inst2|Result[3] ; Clock        ; Clock       ; 0.000        ; 0.000      ; 0.675      ;
; 0.525 ; reg:inst1|Q[5]       ; alu1:inst2|Result[3] ; Clock        ; Clock       ; 0.000        ; -0.001     ; 0.676      ;
; 0.535 ; reg:inst1|Q[1]       ; alu1:inst2|Temp[1]   ; Clock        ; Clock       ; 0.000        ; 0.001      ; 0.688      ;
; 0.561 ; reg:inst1|Q[4]       ; alu1:inst2|Result[2] ; Clock        ; Clock       ; 0.000        ; -0.001     ; 0.712      ;
; 0.567 ; reg:inst1|Q[7]       ; alu1:inst2|Temp[7]   ; Clock        ; Clock       ; 0.000        ; 0.000      ; 0.719      ;
; 0.575 ; reg:inst1|Q[1]       ; alu1:inst2|Temp[6]   ; Clock        ; Clock       ; 0.000        ; -0.002     ; 0.725      ;
; 0.589 ; reg:inst1|Q[3]       ; alu1:inst2|Result[1] ; Clock        ; Clock       ; 0.000        ; -0.001     ; 0.740      ;
; 0.604 ; reg:inst1|Q[2]       ; alu1:inst2|Temp[0]   ; Clock        ; Clock       ; 0.000        ; 0.001      ; 0.757      ;
; 0.637 ; reg:inst|Q[5]        ; alu1:inst2|Temp[1]   ; Clock        ; Clock       ; 0.000        ; 0.001      ; 0.790      ;
; 0.647 ; fsm9:inst3|yfsm.s4   ; fsm9:inst3|yfsm.s6   ; Clock        ; Clock       ; 0.000        ; 0.000      ; 0.799      ;
; 0.665 ; reg:inst|Q[2]        ; alu1:inst2|Temp[2]   ; Clock        ; Clock       ; 0.000        ; -0.004     ; 0.813      ;
; 0.667 ; reg:inst1|Q[4]       ; alu1:inst2|Temp[4]   ; Clock        ; Clock       ; 0.000        ; -0.002     ; 0.817      ;
; 0.671 ; fsm9:inst3|yfsm.s2   ; fsm9:inst3|yfsm.s4   ; Clock        ; Clock       ; 0.000        ; 0.000      ; 0.823      ;
; 0.673 ; alu1:inst2|Temp[7]   ; alu1:inst2|Result[7] ; Clock        ; Clock       ; 0.000        ; 0.000      ; 0.825      ;
; 0.698 ; reg:inst1|Q[4]       ; alu1:inst2|Temp[2]   ; Clock        ; Clock       ; 0.000        ; -0.004     ; 0.846      ;
; 0.699 ; reg:inst1|Q[0]       ; alu1:inst2|Temp[0]   ; Clock        ; Clock       ; 0.000        ; 0.001      ; 0.852      ;
; 0.702 ; alu1:inst2|Temp[4]   ; alu1:inst2|Result[4] ; Clock        ; Clock       ; 0.000        ; 0.001      ; 0.855      ;
; 0.704 ; reg:inst|Q[0]        ; alu1:inst2|Temp[0]   ; Clock        ; Clock       ; 0.000        ; 0.001      ; 0.857      ;
; 0.708 ; alu1:inst2|Temp[1]   ; alu1:inst2|Result[1] ; Clock        ; Clock       ; 0.000        ; -0.002     ; 0.858      ;
; 0.710 ; reg:inst1|Q[6]       ; alu1:inst2|Temp[6]   ; Clock        ; Clock       ; 0.000        ; -0.001     ; 0.861      ;
; 0.724 ; reg:inst1|Q[6]       ; alu1:inst2|Temp[4]   ; Clock        ; Clock       ; 0.000        ; -0.001     ; 0.875      ;
; 0.732 ; reg:inst1|Q[7]       ; alu1:inst2|Temp[5]   ; Clock        ; Clock       ; 0.000        ; -0.003     ; 0.881      ;
; 0.735 ; reg:inst1|Q[7]       ; alu1:inst2|Temp[0]   ; Clock        ; Clock       ; 0.000        ; 0.002      ; 0.889      ;
; 0.736 ; reg:inst|Q[0]        ; alu1:inst2|Temp[4]   ; Clock        ; Clock       ; 0.000        ; -0.002     ; 0.886      ;
; 0.748 ; reg:inst1|Q[3]       ; alu1:inst2|Temp[3]   ; Clock        ; Clock       ; 0.000        ; -0.001     ; 0.899      ;
; 0.750 ; reg:inst1|Q[6]       ; alu1:inst2|Result[6] ; Clock        ; Clock       ; 0.000        ; 0.000      ; 0.902      ;
; 0.768 ; fsm9:inst3|yfsm.s5   ; fsm9:inst3|yfsm.s3   ; Clock        ; Clock       ; 0.000        ; 0.000      ; 0.920      ;
; 0.768 ; reg:inst|Q[7]        ; alu1:inst2|Temp[7]   ; Clock        ; Clock       ; 0.000        ; -0.001     ; 0.919      ;
; 0.771 ; reg:inst1|Q[3]       ; alu1:inst2|Temp[4]   ; Clock        ; Clock       ; 0.000        ; -0.002     ; 0.921      ;
; 0.781 ; reg:inst1|Q[5]       ; alu1:inst2|Temp[5]   ; Clock        ; Clock       ; 0.000        ; -0.004     ; 0.929      ;
; 0.783 ; reg:inst|Q[1]        ; alu1:inst2|Result[1] ; Clock        ; Clock       ; 0.000        ; -0.001     ; 0.934      ;
; 0.787 ; reg:inst|Q[4]        ; alu1:inst2|Temp[0]   ; Clock        ; Clock       ; 0.000        ; 0.001      ; 0.940      ;
; 0.793 ; reg:inst|Q[4]        ; alu1:inst2|Result[4] ; Clock        ; Clock       ; 0.000        ; -0.001     ; 0.944      ;
; 0.800 ; fsm9:inst3|yfsm.s6   ; alu1:inst2|Temp[6]   ; Clock        ; Clock       ; 0.000        ; 0.001      ; 0.953      ;
; 0.806 ; alu1:inst2|Temp[6]   ; alu1:inst2|Result[6] ; Clock        ; Clock       ; 0.000        ; 0.001      ; 0.959      ;
; 0.811 ; reg:inst1|Q[1]       ; alu1:inst2|Temp[7]   ; Clock        ; Clock       ; 0.000        ; -0.001     ; 0.962      ;
; 0.813 ; alu1:inst2|Temp[5]   ; alu1:inst2|Result[5] ; Clock        ; Clock       ; 0.000        ; 0.003      ; 0.968      ;
; 0.820 ; reg:inst1|Q[2]       ; alu1:inst2|Temp[5]   ; Clock        ; Clock       ; 0.000        ; -0.004     ; 0.968      ;
; 0.821 ; reg:inst|Q[3]        ; alu1:inst2|Temp[3]   ; Clock        ; Clock       ; 0.000        ; -0.001     ; 0.972      ;
; 0.823 ; fsm9:inst3|yfsm.s0   ; fsm9:inst3|yfsm.s2   ; Clock        ; Clock       ; 0.000        ; 0.000      ; 0.975      ;
; 0.828 ; reg:inst|Q[2]        ; alu1:inst2|Temp[6]   ; Clock        ; Clock       ; 0.000        ; -0.002     ; 0.978      ;
; 0.829 ; reg:inst1|Q[2]       ; alu1:inst2|Result[2] ; Clock        ; Clock       ; 0.000        ; -0.001     ; 0.980      ;
; 0.832 ; reg:inst1|Q[2]       ; alu1:inst2|Temp[2]   ; Clock        ; Clock       ; 0.000        ; -0.004     ; 0.980      ;
; 0.832 ; fsm9:inst3|yfsm.s3   ; alu1:inst2|Temp[6]   ; Clock        ; Clock       ; 0.000        ; 0.001      ; 0.985      ;
; 0.836 ; reg:inst|Q[7]        ; alu1:inst2|Result[7] ; Clock        ; Clock       ; 0.000        ; -0.001     ; 0.987      ;
; 0.842 ; fsm9:inst3|yfsm.s2   ; alu1:inst2|Temp[7]   ; Clock        ; Clock       ; 0.000        ; 0.002      ; 0.996      ;
; 0.842 ; fsm9:inst3|yfsm.s2   ; alu1:inst2|Temp[3]   ; Clock        ; Clock       ; 0.000        ; 0.002      ; 0.996      ;
; 0.842 ; reg:inst1|Q[5]       ; alu1:inst2|Temp[3]   ; Clock        ; Clock       ; 0.000        ; -0.001     ; 0.993      ;
; 0.850 ; fsm9:inst3|yfsm.s1   ; fsm9:inst3|yfsm.s0   ; Clock        ; Clock       ; 0.000        ; 0.000      ; 1.002      ;
; 0.853 ; fsm9:inst3|yfsm.s2   ; alu1:inst2|Temp[5]   ; Clock        ; Clock       ; 0.000        ; -0.001     ; 1.004      ;
; 0.853 ; fsm9:inst3|yfsm.s2   ; alu1:inst2|Temp[2]   ; Clock        ; Clock       ; 0.000        ; -0.001     ; 1.004      ;
; 0.855 ; alu1:inst2|Temp[2]   ; alu1:inst2|Result[2] ; Clock        ; Clock       ; 0.000        ; 0.003      ; 1.010      ;
; 0.870 ; reg:inst1|Q[3]       ; alu1:inst2|Result[3] ; Clock        ; Clock       ; 0.000        ; -0.001     ; 1.021      ;
; 0.871 ; reg:inst1|Q[7]       ; alu1:inst2|Result[7] ; Clock        ; Clock       ; 0.000        ; 0.000      ; 1.023      ;
; 0.873 ; reg:inst1|Q[1]       ; alu1:inst2|Result[1] ; Clock        ; Clock       ; 0.000        ; -0.001     ; 1.024      ;
; 0.881 ; fsm9:inst3|yfsm.s2   ; alu1:inst2|Temp[6]   ; Clock        ; Clock       ; 0.000        ; 0.001      ; 1.034      ;
; 0.883 ; reg:inst1|Q[6]       ; alu1:inst2|Temp[1]   ; Clock        ; Clock       ; 0.000        ; 0.002      ; 1.037      ;
; 0.891 ; fsm9:inst3|yfsm.s3   ; alu1:inst2|Result[1] ; Clock        ; Clock       ; 0.000        ; 0.002      ; 1.045      ;
; 0.891 ; reg:inst|Q[6]        ; alu1:inst2|Result[6] ; Clock        ; Clock       ; 0.000        ; -0.001     ; 1.042      ;
; 0.893 ; alu1:inst2|Temp[0]   ; alu1:inst2|Result[0] ; Clock        ; Clock       ; 0.000        ; -0.003     ; 1.042      ;
; 0.899 ; reg:inst|Q[4]        ; alu1:inst2|Temp[4]   ; Clock        ; Clock       ; 0.000        ; -0.002     ; 1.049      ;
; 0.906 ; reg:inst1|Q[4]       ; alu1:inst2|Result[4] ; Clock        ; Clock       ; 0.000        ; -0.001     ; 1.057      ;
; 0.918 ; fsm9:inst3|yfsm.s7   ; alu1:inst2|Temp[6]   ; Clock        ; Clock       ; 0.000        ; 0.001      ; 1.071      ;
; 0.928 ; reg:inst|Q[2]        ; alu1:inst2|Result[2] ; Clock        ; Clock       ; 0.000        ; -0.001     ; 1.079      ;
; 0.931 ; fsm9:inst3|yfsm.s2   ; alu1:inst2|Result[6] ; Clock        ; Clock       ; 0.000        ; 0.002      ; 1.085      ;
; 0.935 ; reg:inst1|Q[5]       ; alu1:inst2|Result[5] ; Clock        ; Clock       ; 0.000        ; -0.001     ; 1.086      ;
; 0.938 ; fsm9:inst3|yfsm.s2   ; alu1:inst2|Temp[0]   ; Clock        ; Clock       ; 0.000        ; 0.004      ; 1.094      ;
; 0.938 ; fsm9:inst3|yfsm.s2   ; alu1:inst2|Temp[1]   ; Clock        ; Clock       ; 0.000        ; 0.004      ; 1.094      ;
; 0.938 ; reg:inst1|Q[2]       ; alu1:inst2|Result[0] ; Clock        ; Clock       ; 0.000        ; -0.002     ; 1.088      ;
; 0.938 ; reg:inst|Q[5]        ; alu1:inst2|Result[5] ; Clock        ; Clock       ; 0.000        ; -0.001     ; 1.089      ;
; 0.942 ; fsm9:inst3|yfsm.s2   ; alu1:inst2|Result[4] ; Clock        ; Clock       ; 0.000        ; 0.002      ; 1.096      ;
; 0.942 ; reg:inst1|Q[5]       ; alu1:inst2|Temp[2]   ; Clock        ; Clock       ; 0.000        ; -0.004     ; 1.090      ;
; 0.944 ; fsm9:inst3|yfsm.s5   ; alu1:inst2|Temp[6]   ; Clock        ; Clock       ; 0.000        ; 0.001      ; 1.097      ;
; 0.945 ; fsm9:inst3|yfsm.s7   ; alu1:inst2|Result[1] ; Clock        ; Clock       ; 0.000        ; 0.002      ; 1.099      ;
; 0.948 ; reg:inst1|Q[0]       ; alu1:inst2|Temp[6]   ; Clock        ; Clock       ; 0.000        ; -0.002     ; 1.098      ;
; 0.952 ; fsm9:inst3|yfsm.s3   ; alu1:inst2|Temp[3]   ; Clock        ; Clock       ; 0.000        ; 0.002      ; 1.106      ;
; 0.956 ; fsm9:inst3|yfsm.s4   ; alu1:inst2|Temp[6]   ; Clock        ; Clock       ; 0.000        ; 0.001      ; 1.109      ;
; 0.959 ; fsm9:inst3|yfsm.s7   ; alu1:inst2|Temp[7]   ; Clock        ; Clock       ; 0.000        ; 0.002      ; 1.113      ;
; 0.959 ; fsm9:inst3|yfsm.s7   ; alu1:inst2|Temp[3]   ; Clock        ; Clock       ; 0.000        ; 0.002      ; 1.113      ;
; 0.960 ; reg:inst|Q[5]        ; alu1:inst2|Temp[5]   ; Clock        ; Clock       ; 0.000        ; -0.004     ; 1.108      ;
; 0.963 ; fsm9:inst3|yfsm.s2   ; alu1:inst2|Result[1] ; Clock        ; Clock       ; 0.000        ; 0.002      ; 1.117      ;
; 0.963 ; fsm9:inst3|yfsm.s6   ; alu1:inst2|Temp[5]   ; Clock        ; Clock       ; 0.000        ; -0.001     ; 1.114      ;
; 0.968 ; fsm9:inst3|yfsm.s3   ; alu1:inst2|Temp[7]   ; Clock        ; Clock       ; 0.000        ; 0.002      ; 1.122      ;
; 0.970 ; fsm9:inst3|yfsm.s3   ; alu1:inst2|Result[3] ; Clock        ; Clock       ; 0.000        ; 0.002      ; 1.124      ;
; 0.970 ; fsm9:inst3|yfsm.s7   ; alu1:inst2|Temp[5]   ; Clock        ; Clock       ; 0.000        ; -0.001     ; 1.121      ;
; 0.970 ; fsm9:inst3|yfsm.s7   ; alu1:inst2|Temp[2]   ; Clock        ; Clock       ; 0.000        ; -0.001     ; 1.121      ;
; 0.972 ; fsm9:inst3|yfsm.s6   ; alu1:inst2|Temp[7]   ; Clock        ; Clock       ; 0.000        ; 0.002      ; 1.126      ;
; 0.972 ; fsm9:inst3|yfsm.s6   ; alu1:inst2|Temp[3]   ; Clock        ; Clock       ; 0.000        ; 0.002      ; 1.126      ;
; 0.972 ; fsm9:inst3|yfsm.s2   ; alu1:inst2|Result[0] ; Clock        ; Clock       ; 0.000        ; 0.001      ; 1.125      ;
; 0.973 ; reg:inst|Q[3]        ; alu1:inst2|Result[3] ; Clock        ; Clock       ; 0.000        ; -0.001     ; 1.124      ;
; 0.976 ; fsm9:inst3|yfsm.s2   ; alu1:inst2|Temp[4]   ; Clock        ; Clock       ; 0.000        ; 0.001      ; 1.129      ;
+-------+----------------------+----------------------+--------------+-------------+--------------+------------+------------+


+--------------------------------------------------------------------------------------------------------------+
; Fast Model Minimum Pulse Width: 'Clock'                                                                      ;
+--------+--------------+----------------+------------------+-------+------------+-----------------------------+
; Slack  ; Actual Width ; Required Width ; Type             ; Clock ; Clock Edge ; Target                      ;
+--------+--------------+----------------+------------------+-------+------------+-----------------------------+
; -1.222 ; 1.000        ; 2.222          ; Port Rate        ; Clock ; Rise       ; Clock                       ;
; -0.500 ; 0.500        ; 1.000          ; High Pulse Width ; Clock ; Rise       ; alu1:inst2|Result[0]        ;
; -0.500 ; 0.500        ; 1.000          ; Low Pulse Width  ; Clock ; Rise       ; alu1:inst2|Result[0]        ;
; -0.500 ; 0.500        ; 1.000          ; High Pulse Width ; Clock ; Rise       ; alu1:inst2|Result[1]        ;
; -0.500 ; 0.500        ; 1.000          ; Low Pulse Width  ; Clock ; Rise       ; alu1:inst2|Result[1]        ;
; -0.500 ; 0.500        ; 1.000          ; High Pulse Width ; Clock ; Rise       ; alu1:inst2|Result[2]        ;
; -0.500 ; 0.500        ; 1.000          ; Low Pulse Width  ; Clock ; Rise       ; alu1:inst2|Result[2]        ;
; -0.500 ; 0.500        ; 1.000          ; High Pulse Width ; Clock ; Rise       ; alu1:inst2|Result[3]        ;
; -0.500 ; 0.500        ; 1.000          ; Low Pulse Width  ; Clock ; Rise       ; alu1:inst2|Result[3]        ;
; -0.500 ; 0.500        ; 1.000          ; High Pulse Width ; Clock ; Rise       ; alu1:inst2|Result[4]        ;
; -0.500 ; 0.500        ; 1.000          ; Low Pulse Width  ; Clock ; Rise       ; alu1:inst2|Result[4]        ;
; -0.500 ; 0.500        ; 1.000          ; High Pulse Width ; Clock ; Rise       ; alu1:inst2|Result[5]        ;
; -0.500 ; 0.500        ; 1.000          ; Low Pulse Width  ; Clock ; Rise       ; alu1:inst2|Result[5]        ;
; -0.500 ; 0.500        ; 1.000          ; High Pulse Width ; Clock ; Rise       ; alu1:inst2|Result[6]        ;
; -0.500 ; 0.500        ; 1.000          ; Low Pulse Width  ; Clock ; Rise       ; alu1:inst2|Result[6]        ;
; -0.500 ; 0.500        ; 1.000          ; High Pulse Width ; Clock ; Rise       ; alu1:inst2|Result[7]        ;
; -0.500 ; 0.500        ; 1.000          ; Low Pulse Width  ; Clock ; Rise       ; alu1:inst2|Result[7]        ;
; -0.500 ; 0.500        ; 1.000          ; High Pulse Width ; Clock ; Rise       ; alu1:inst2|Temp[0]          ;
; -0.500 ; 0.500        ; 1.000          ; Low Pulse Width  ; Clock ; Rise       ; alu1:inst2|Temp[0]          ;
; -0.500 ; 0.500        ; 1.000          ; High Pulse Width ; Clock ; Rise       ; alu1:inst2|Temp[1]          ;
; -0.500 ; 0.500        ; 1.000          ; Low Pulse Width  ; Clock ; Rise       ; alu1:inst2|Temp[1]          ;
; -0.500 ; 0.500        ; 1.000          ; High Pulse Width ; Clock ; Rise       ; alu1:inst2|Temp[2]          ;
; -0.500 ; 0.500        ; 1.000          ; Low Pulse Width  ; Clock ; Rise       ; alu1:inst2|Temp[2]          ;
; -0.500 ; 0.500        ; 1.000          ; High Pulse Width ; Clock ; Rise       ; alu1:inst2|Temp[3]          ;
; -0.500 ; 0.500        ; 1.000          ; Low Pulse Width  ; Clock ; Rise       ; alu1:inst2|Temp[3]          ;
; -0.500 ; 0.500        ; 1.000          ; High Pulse Width ; Clock ; Rise       ; alu1:inst2|Temp[4]          ;
; -0.500 ; 0.500        ; 1.000          ; Low Pulse Width  ; Clock ; Rise       ; alu1:inst2|Temp[4]          ;
; -0.500 ; 0.500        ; 1.000          ; High Pulse Width ; Clock ; Rise       ; alu1:inst2|Temp[5]          ;
; -0.500 ; 0.500        ; 1.000          ; Low Pulse Width  ; Clock ; Rise       ; alu1:inst2|Temp[5]          ;
; -0.500 ; 0.500        ; 1.000          ; High Pulse Width ; Clock ; Rise       ; alu1:inst2|Temp[6]          ;
; -0.500 ; 0.500        ; 1.000          ; Low Pulse Width  ; Clock ; Rise       ; alu1:inst2|Temp[6]          ;
; -0.500 ; 0.500        ; 1.000          ; High Pulse Width ; Clock ; Rise       ; alu1:inst2|Temp[7]          ;
; -0.500 ; 0.500        ; 1.000          ; Low Pulse Width  ; Clock ; Rise       ; alu1:inst2|Temp[7]          ;
; -0.500 ; 0.500        ; 1.000          ; High Pulse Width ; Clock ; Rise       ; fsm9:inst3|yfsm.s0          ;
; -0.500 ; 0.500        ; 1.000          ; Low Pulse Width  ; Clock ; Rise       ; fsm9:inst3|yfsm.s0          ;
; -0.500 ; 0.500        ; 1.000          ; High Pulse Width ; Clock ; Rise       ; fsm9:inst3|yfsm.s1          ;
; -0.500 ; 0.500        ; 1.000          ; Low Pulse Width  ; Clock ; Rise       ; fsm9:inst3|yfsm.s1          ;
; -0.500 ; 0.500        ; 1.000          ; High Pulse Width ; Clock ; Rise       ; fsm9:inst3|yfsm.s2          ;
; -0.500 ; 0.500        ; 1.000          ; Low Pulse Width  ; Clock ; Rise       ; fsm9:inst3|yfsm.s2          ;
; -0.500 ; 0.500        ; 1.000          ; High Pulse Width ; Clock ; Rise       ; fsm9:inst3|yfsm.s3          ;
; -0.500 ; 0.500        ; 1.000          ; Low Pulse Width  ; Clock ; Rise       ; fsm9:inst3|yfsm.s3          ;
; -0.500 ; 0.500        ; 1.000          ; High Pulse Width ; Clock ; Rise       ; fsm9:inst3|yfsm.s4          ;
; -0.500 ; 0.500        ; 1.000          ; Low Pulse Width  ; Clock ; Rise       ; fsm9:inst3|yfsm.s4          ;
; -0.500 ; 0.500        ; 1.000          ; High Pulse Width ; Clock ; Rise       ; fsm9:inst3|yfsm.s5          ;
; -0.500 ; 0.500        ; 1.000          ; Low Pulse Width  ; Clock ; Rise       ; fsm9:inst3|yfsm.s5          ;
; -0.500 ; 0.500        ; 1.000          ; High Pulse Width ; Clock ; Rise       ; fsm9:inst3|yfsm.s6          ;
; -0.500 ; 0.500        ; 1.000          ; Low Pulse Width  ; Clock ; Rise       ; fsm9:inst3|yfsm.s6          ;
; -0.500 ; 0.500        ; 1.000          ; High Pulse Width ; Clock ; Rise       ; fsm9:inst3|yfsm.s7          ;
; -0.500 ; 0.500        ; 1.000          ; Low Pulse Width  ; Clock ; Rise       ; fsm9:inst3|yfsm.s7          ;
; -0.500 ; 0.500        ; 1.000          ; High Pulse Width ; Clock ; Rise       ; fsm9:inst3|yfsm.s8          ;
; -0.500 ; 0.500        ; 1.000          ; Low Pulse Width  ; Clock ; Rise       ; fsm9:inst3|yfsm.s8          ;
; -0.500 ; 0.500        ; 1.000          ; High Pulse Width ; Clock ; Rise       ; reg:inst1|Q[0]              ;
; -0.500 ; 0.500        ; 1.000          ; Low Pulse Width  ; Clock ; Rise       ; reg:inst1|Q[0]              ;
; -0.500 ; 0.500        ; 1.000          ; High Pulse Width ; Clock ; Rise       ; reg:inst1|Q[1]              ;
; -0.500 ; 0.500        ; 1.000          ; Low Pulse Width  ; Clock ; Rise       ; reg:inst1|Q[1]              ;
; -0.500 ; 0.500        ; 1.000          ; High Pulse Width ; Clock ; Rise       ; reg:inst1|Q[2]              ;
; -0.500 ; 0.500        ; 1.000          ; Low Pulse Width  ; Clock ; Rise       ; reg:inst1|Q[2]              ;
; -0.500 ; 0.500        ; 1.000          ; High Pulse Width ; Clock ; Rise       ; reg:inst1|Q[3]              ;
; -0.500 ; 0.500        ; 1.000          ; Low Pulse Width  ; Clock ; Rise       ; reg:inst1|Q[3]              ;
; -0.500 ; 0.500        ; 1.000          ; High Pulse Width ; Clock ; Rise       ; reg:inst1|Q[4]              ;
; -0.500 ; 0.500        ; 1.000          ; Low Pulse Width  ; Clock ; Rise       ; reg:inst1|Q[4]              ;
; -0.500 ; 0.500        ; 1.000          ; High Pulse Width ; Clock ; Rise       ; reg:inst1|Q[5]              ;
; -0.500 ; 0.500        ; 1.000          ; Low Pulse Width  ; Clock ; Rise       ; reg:inst1|Q[5]              ;
; -0.500 ; 0.500        ; 1.000          ; High Pulse Width ; Clock ; Rise       ; reg:inst1|Q[6]              ;
; -0.500 ; 0.500        ; 1.000          ; Low Pulse Width  ; Clock ; Rise       ; reg:inst1|Q[6]              ;
; -0.500 ; 0.500        ; 1.000          ; High Pulse Width ; Clock ; Rise       ; reg:inst1|Q[7]              ;
; -0.500 ; 0.500        ; 1.000          ; Low Pulse Width  ; Clock ; Rise       ; reg:inst1|Q[7]              ;
; -0.500 ; 0.500        ; 1.000          ; High Pulse Width ; Clock ; Rise       ; reg:inst|Q[0]               ;
; -0.500 ; 0.500        ; 1.000          ; Low Pulse Width  ; Clock ; Rise       ; reg:inst|Q[0]               ;
; -0.500 ; 0.500        ; 1.000          ; High Pulse Width ; Clock ; Rise       ; reg:inst|Q[1]               ;
; -0.500 ; 0.500        ; 1.000          ; Low Pulse Width  ; Clock ; Rise       ; reg:inst|Q[1]               ;
; -0.500 ; 0.500        ; 1.000          ; High Pulse Width ; Clock ; Rise       ; reg:inst|Q[2]               ;
; -0.500 ; 0.500        ; 1.000          ; Low Pulse Width  ; Clock ; Rise       ; reg:inst|Q[2]               ;
; -0.500 ; 0.500        ; 1.000          ; High Pulse Width ; Clock ; Rise       ; reg:inst|Q[3]               ;
; -0.500 ; 0.500        ; 1.000          ; Low Pulse Width  ; Clock ; Rise       ; reg:inst|Q[3]               ;
; -0.500 ; 0.500        ; 1.000          ; High Pulse Width ; Clock ; Rise       ; reg:inst|Q[4]               ;
; -0.500 ; 0.500        ; 1.000          ; Low Pulse Width  ; Clock ; Rise       ; reg:inst|Q[4]               ;
; -0.500 ; 0.500        ; 1.000          ; High Pulse Width ; Clock ; Rise       ; reg:inst|Q[5]               ;
; -0.500 ; 0.500        ; 1.000          ; Low Pulse Width  ; Clock ; Rise       ; reg:inst|Q[5]               ;
; -0.500 ; 0.500        ; 1.000          ; High Pulse Width ; Clock ; Rise       ; reg:inst|Q[6]               ;
; -0.500 ; 0.500        ; 1.000          ; Low Pulse Width  ; Clock ; Rise       ; reg:inst|Q[6]               ;
; -0.500 ; 0.500        ; 1.000          ; High Pulse Width ; Clock ; Rise       ; reg:inst|Q[7]               ;
; -0.500 ; 0.500        ; 1.000          ; Low Pulse Width  ; Clock ; Rise       ; reg:inst|Q[7]               ;
; 0.500  ; 0.500        ; 0.000          ; High Pulse Width ; Clock ; Rise       ; Clock|combout               ;
; 0.500  ; 0.500        ; 0.000          ; Low Pulse Width  ; Clock ; Rise       ; Clock|combout               ;
; 0.500  ; 0.500        ; 0.000          ; High Pulse Width ; Clock ; Rise       ; Clock~clk_delay_ctrl|clk    ;
; 0.500  ; 0.500        ; 0.000          ; Low Pulse Width  ; Clock ; Rise       ; Clock~clk_delay_ctrl|clk    ;
; 0.500  ; 0.500        ; 0.000          ; High Pulse Width ; Clock ; Rise       ; Clock~clk_delay_ctrl|clkout ;
; 0.500  ; 0.500        ; 0.000          ; Low Pulse Width  ; Clock ; Rise       ; Clock~clk_delay_ctrl|clkout ;
; 0.500  ; 0.500        ; 0.000          ; High Pulse Width ; Clock ; Rise       ; Clock~clkctrl|inclk[0]      ;
; 0.500  ; 0.500        ; 0.000          ; Low Pulse Width  ; Clock ; Rise       ; Clock~clkctrl|inclk[0]      ;
; 0.500  ; 0.500        ; 0.000          ; High Pulse Width ; Clock ; Rise       ; Clock~clkctrl|outclk        ;
; 0.500  ; 0.500        ; 0.000          ; Low Pulse Width  ; Clock ; Rise       ; Clock~clkctrl|outclk        ;
; 0.500  ; 0.500        ; 0.000          ; High Pulse Width ; Clock ; Rise       ; inst1|Q[0]|clk              ;
; 0.500  ; 0.500        ; 0.000          ; Low Pulse Width  ; Clock ; Rise       ; inst1|Q[0]|clk              ;
; 0.500  ; 0.500        ; 0.000          ; High Pulse Width ; Clock ; Rise       ; inst1|Q[1]|clk              ;
; 0.500  ; 0.500        ; 0.000          ; Low Pulse Width  ; Clock ; Rise       ; inst1|Q[1]|clk              ;
; 0.500  ; 0.500        ; 0.000          ; High Pulse Width ; Clock ; Rise       ; inst1|Q[2]|clk              ;
; 0.500  ; 0.500        ; 0.000          ; Low Pulse Width  ; Clock ; Rise       ; inst1|Q[2]|clk              ;
; 0.500  ; 0.500        ; 0.000          ; High Pulse Width ; Clock ; Rise       ; inst1|Q[3]|clk              ;
+--------+--------------+----------------+------------------+-------+------------+-----------------------------+


+-------------------------------------------------------------------------+
; Setup Times                                                             ;
+-----------+------------+--------+--------+------------+-----------------+
; Data Port ; Clock Port ; Rise   ; Fall   ; Clock Edge ; Clock Reference ;
+-----------+------------+--------+--------+------------+-----------------+
; A[*]      ; Clock      ; 0.520  ; 0.520  ; Rise       ; Clock           ;
;  A[0]     ; Clock      ; -0.045 ; -0.045 ; Rise       ; Clock           ;
;  A[1]     ; Clock      ; -0.075 ; -0.075 ; Rise       ; Clock           ;
;  A[2]     ; Clock      ; -0.115 ; -0.115 ; Rise       ; Clock           ;
;  A[3]     ; Clock      ; 0.021  ; 0.021  ; Rise       ; Clock           ;
;  A[4]     ; Clock      ; -0.001 ; -0.001 ; Rise       ; Clock           ;
;  A[5]     ; Clock      ; 0.130  ; 0.130  ; Rise       ; Clock           ;
;  A[6]     ; Clock      ; -0.093 ; -0.093 ; Rise       ; Clock           ;
;  A[7]     ; Clock      ; 0.520  ; 0.520  ; Rise       ; Clock           ;
; B[*]      ; Clock      ; 2.616  ; 2.616  ; Rise       ; Clock           ;
;  B[0]     ; Clock      ; 0.511  ; 0.511  ; Rise       ; Clock           ;
;  B[1]     ; Clock      ; 0.450  ; 0.450  ; Rise       ; Clock           ;
;  B[2]     ; Clock      ; 0.435  ; 0.435  ; Rise       ; Clock           ;
;  B[3]     ; Clock      ; 0.467  ; 0.467  ; Rise       ; Clock           ;
;  B[4]     ; Clock      ; 0.519  ; 0.519  ; Rise       ; Clock           ;
;  B[5]     ; Clock      ; 2.614  ; 2.614  ; Rise       ; Clock           ;
;  B[6]     ; Clock      ; 2.552  ; 2.552  ; Rise       ; Clock           ;
;  B[7]     ; Clock      ; 2.616  ; 2.616  ; Rise       ; Clock           ;
; DataIn    ; Clock      ; 2.910  ; 2.910  ; Rise       ; Clock           ;
; Enable    ; Clock      ; 3.937  ; 3.937  ; Rise       ; Clock           ;
+-----------+------------+--------+--------+------------+-----------------+


+-------------------------------------------------------------------------+
; Hold Times                                                              ;
+-----------+------------+--------+--------+------------+-----------------+
; Data Port ; Clock Port ; Rise   ; Fall   ; Clock Edge ; Clock Reference ;
+-----------+------------+--------+--------+------------+-----------------+
; A[*]      ; Clock      ; 0.235  ; 0.235  ; Rise       ; Clock           ;
;  A[0]     ; Clock      ; 0.165  ; 0.165  ; Rise       ; Clock           ;
;  A[1]     ; Clock      ; 0.195  ; 0.195  ; Rise       ; Clock           ;
;  A[2]     ; Clock      ; 0.235  ; 0.235  ; Rise       ; Clock           ;
;  A[3]     ; Clock      ; 0.099  ; 0.099  ; Rise       ; Clock           ;
;  A[4]     ; Clock      ; 0.121  ; 0.121  ; Rise       ; Clock           ;
;  A[5]     ; Clock      ; -0.010 ; -0.010 ; Rise       ; Clock           ;
;  A[6]     ; Clock      ; 0.213  ; 0.213  ; Rise       ; Clock           ;
;  A[7]     ; Clock      ; -0.400 ; -0.400 ; Rise       ; Clock           ;
; B[*]      ; Clock      ; -0.315 ; -0.315 ; Rise       ; Clock           ;
;  B[0]     ; Clock      ; -0.391 ; -0.391 ; Rise       ; Clock           ;
;  B[1]     ; Clock      ; -0.330 ; -0.330 ; Rise       ; Clock           ;
;  B[2]     ; Clock      ; -0.315 ; -0.315 ; Rise       ; Clock           ;
;  B[3]     ; Clock      ; -0.347 ; -0.347 ; Rise       ; Clock           ;
;  B[4]     ; Clock      ; -0.399 ; -0.399 ; Rise       ; Clock           ;
;  B[5]     ; Clock      ; -2.494 ; -2.494 ; Rise       ; Clock           ;
;  B[6]     ; Clock      ; -2.432 ; -2.432 ; Rise       ; Clock           ;
;  B[7]     ; Clock      ; -2.496 ; -2.496 ; Rise       ; Clock           ;
; DataIn    ; Clock      ; -2.790 ; -2.790 ; Rise       ; Clock           ;
; Enable    ; Clock      ; -2.577 ; -2.577 ; Rise       ; Clock           ;
+-----------+------------+--------+--------+------------+-----------------+


+-----------------------------------------------------------------------+
; Clock to Output Times                                                 ;
+-----------+------------+-------+-------+------------+-----------------+
; Data Port ; Clock Port ; Rise  ; Fall  ; Clock Edge ; Clock Reference ;
+-----------+------------+-------+-------+------------+-----------------+
; ID[*]     ; Clock      ; 4.660 ; 4.660 ; Rise       ; Clock           ;
;  ID[1]    ; Clock      ; 4.655 ; 4.655 ; Rise       ; Clock           ;
;  ID[2]    ; Clock      ; 4.578 ; 4.578 ; Rise       ; Clock           ;
;  ID[3]    ; Clock      ; 4.577 ; 4.577 ; Rise       ; Clock           ;
;  ID[4]    ; Clock      ; 4.660 ; 4.660 ; Rise       ; Clock           ;
;  ID[5]    ; Clock      ; 4.596 ; 4.596 ; Rise       ; Clock           ;
;  ID[6]    ; Clock      ; 4.404 ; 4.404 ; Rise       ; Clock           ;
;  ID[7]    ; Clock      ; 4.541 ; 4.541 ; Rise       ; Clock           ;
; Left[*]   ; Clock      ; 4.367 ; 4.367 ; Rise       ; Clock           ;
;  Left[1]  ; Clock      ; 4.359 ; 4.359 ; Rise       ; Clock           ;
;  Left[2]  ; Clock      ; 4.367 ; 4.367 ; Rise       ; Clock           ;
;  Left[3]  ; Clock      ; 4.203 ; 4.203 ; Rise       ; Clock           ;
;  Left[4]  ; Clock      ; 4.222 ; 4.222 ; Rise       ; Clock           ;
;  Left[5]  ; Clock      ; 4.265 ; 4.265 ; Rise       ; Clock           ;
;  Left[6]  ; Clock      ; 4.106 ; 4.106 ; Rise       ; Clock           ;
;  Left[7]  ; Clock      ; 4.147 ; 4.147 ; Rise       ; Clock           ;
; Right[*]  ; Clock      ; 5.174 ; 5.174 ; Rise       ; Clock           ;
;  Right[1] ; Clock      ; 5.174 ; 5.174 ; Rise       ; Clock           ;
;  Right[2] ; Clock      ; 5.147 ; 5.147 ; Rise       ; Clock           ;
;  Right[3] ; Clock      ; 5.159 ; 5.159 ; Rise       ; Clock           ;
;  Right[4] ; Clock      ; 5.055 ; 5.055 ; Rise       ; Clock           ;
;  Right[5] ; Clock      ; 5.060 ; 5.060 ; Rise       ; Clock           ;
;  Right[6] ; Clock      ; 5.050 ; 5.050 ; Rise       ; Clock           ;
;  Right[7] ; Clock      ; 5.041 ; 5.041 ; Rise       ; Clock           ;
+-----------+------------+-------+-------+------------+-----------------+


+-----------------------------------------------------------------------+
; Minimum Clock to Output Times                                         ;
+-----------+------------+-------+-------+------------+-----------------+
; Data Port ; Clock Port ; Rise  ; Fall  ; Clock Edge ; Clock Reference ;
+-----------+------------+-------+-------+------------+-----------------+
; ID[*]     ; Clock      ; 3.957 ; 3.957 ; Rise       ; Clock           ;
;  ID[1]    ; Clock      ; 4.208 ; 4.208 ; Rise       ; Clock           ;
;  ID[2]    ; Clock      ; 4.131 ; 4.131 ; Rise       ; Clock           ;
;  ID[3]    ; Clock      ; 4.127 ; 4.127 ; Rise       ; Clock           ;
;  ID[4]    ; Clock      ; 4.213 ; 4.213 ; Rise       ; Clock           ;
;  ID[5]    ; Clock      ; 4.144 ; 4.144 ; Rise       ; Clock           ;
;  ID[6]    ; Clock      ; 3.957 ; 3.957 ; Rise       ; Clock           ;
;  ID[7]    ; Clock      ; 4.094 ; 4.094 ; Rise       ; Clock           ;
; Left[*]   ; Clock      ; 3.982 ; 3.982 ; Rise       ; Clock           ;
;  Left[1]  ; Clock      ; 4.234 ; 4.234 ; Rise       ; Clock           ;
;  Left[2]  ; Clock      ; 4.244 ; 4.244 ; Rise       ; Clock           ;
;  Left[3]  ; Clock      ; 4.073 ; 4.073 ; Rise       ; Clock           ;
;  Left[4]  ; Clock      ; 4.099 ; 4.099 ; Rise       ; Clock           ;
;  Left[5]  ; Clock      ; 4.142 ; 4.142 ; Rise       ; Clock           ;
;  Left[6]  ; Clock      ; 3.982 ; 3.982 ; Rise       ; Clock           ;
;  Left[7]  ; Clock      ; 4.022 ; 4.022 ; Rise       ; Clock           ;
; Right[*]  ; Clock      ; 4.717 ; 4.717 ; Rise       ; Clock           ;
;  Right[1] ; Clock      ; 4.851 ; 4.851 ; Rise       ; Clock           ;
;  Right[2] ; Clock      ; 4.823 ; 4.823 ; Rise       ; Clock           ;
;  Right[3] ; Clock      ; 4.833 ; 4.833 ; Rise       ; Clock           ;
;  Right[4] ; Clock      ; 4.732 ; 4.732 ; Rise       ; Clock           ;
;  Right[5] ; Clock      ; 4.737 ; 4.737 ; Rise       ; Clock           ;
;  Right[6] ; Clock      ; 4.725 ; 4.725 ; Rise       ; Clock           ;
;  Right[7] ; Clock      ; 4.717 ; 4.717 ; Rise       ; Clock           ;
+-----------+------------+-------+-------+------------+-----------------+


+-------------------------------------------------------------------------------+
; Multicorner Timing Analysis Summary                                           ;
+------------------+---------+-------+----------+---------+---------------------+
; Clock            ; Setup   ; Hold  ; Recovery ; Removal ; Minimum Pulse Width ;
+------------------+---------+-------+----------+---------+---------------------+
; Worst-case Slack ; -3.040  ; 0.215 ; N/A      ; N/A     ; -1.222              ;
;  Clock           ; -3.040  ; 0.215 ; N/A      ; N/A     ; -1.222              ;
; Design-wide TNS  ; -48.52  ; 0.0   ; 0.0      ; 0.0     ; -42.222             ;
;  Clock           ; -48.520 ; 0.000 ; N/A      ; N/A     ; -42.222             ;
+------------------+---------+-------+----------+---------+---------------------+


+-----------------------------------------------------------------------+
; Setup Times                                                           ;
+-----------+------------+-------+-------+------------+-----------------+
; Data Port ; Clock Port ; Rise  ; Fall  ; Clock Edge ; Clock Reference ;
+-----------+------------+-------+-------+------------+-----------------+
; A[*]      ; Clock      ; 1.280 ; 1.280 ; Rise       ; Clock           ;
;  A[0]     ; Clock      ; 0.404 ; 0.404 ; Rise       ; Clock           ;
;  A[1]     ; Clock      ; 0.362 ; 0.362 ; Rise       ; Clock           ;
;  A[2]     ; Clock      ; 0.216 ; 0.216 ; Rise       ; Clock           ;
;  A[3]     ; Clock      ; 0.391 ; 0.391 ; Rise       ; Clock           ;
;  A[4]     ; Clock      ; 0.459 ; 0.459 ; Rise       ; Clock           ;
;  A[5]     ; Clock      ; 0.729 ; 0.729 ; Rise       ; Clock           ;
;  A[6]     ; Clock      ; 0.230 ; 0.230 ; Rise       ; Clock           ;
;  A[7]     ; Clock      ; 1.280 ; 1.280 ; Rise       ; Clock           ;
; B[*]      ; Clock      ; 4.709 ; 4.709 ; Rise       ; Clock           ;
;  B[0]     ; Clock      ; 1.281 ; 1.281 ; Rise       ; Clock           ;
;  B[1]     ; Clock      ; 1.183 ; 1.183 ; Rise       ; Clock           ;
;  B[2]     ; Clock      ; 1.222 ; 1.222 ; Rise       ; Clock           ;
;  B[3]     ; Clock      ; 1.348 ; 1.348 ; Rise       ; Clock           ;
;  B[4]     ; Clock      ; 1.426 ; 1.426 ; Rise       ; Clock           ;
;  B[5]     ; Clock      ; 4.709 ; 4.709 ; Rise       ; Clock           ;
;  B[6]     ; Clock      ; 4.576 ; 4.576 ; Rise       ; Clock           ;
;  B[7]     ; Clock      ; 4.690 ; 4.690 ; Rise       ; Clock           ;
; DataIn    ; Clock      ; 5.202 ; 5.202 ; Rise       ; Clock           ;
; Enable    ; Clock      ; 7.718 ; 7.718 ; Rise       ; Clock           ;
+-----------+------------+-------+-------+------------+-----------------+


+-------------------------------------------------------------------------+
; Hold Times                                                              ;
+-----------+------------+--------+--------+------------+-----------------+
; Data Port ; Clock Port ; Rise   ; Fall   ; Clock Edge ; Clock Reference ;
+-----------+------------+--------+--------+------------+-----------------+
; A[*]      ; Clock      ; 0.235  ; 0.235  ; Rise       ; Clock           ;
;  A[0]     ; Clock      ; 0.165  ; 0.165  ; Rise       ; Clock           ;
;  A[1]     ; Clock      ; 0.195  ; 0.195  ; Rise       ; Clock           ;
;  A[2]     ; Clock      ; 0.235  ; 0.235  ; Rise       ; Clock           ;
;  A[3]     ; Clock      ; 0.099  ; 0.099  ; Rise       ; Clock           ;
;  A[4]     ; Clock      ; 0.121  ; 0.121  ; Rise       ; Clock           ;
;  A[5]     ; Clock      ; -0.010 ; -0.010 ; Rise       ; Clock           ;
;  A[6]     ; Clock      ; 0.213  ; 0.213  ; Rise       ; Clock           ;
;  A[7]     ; Clock      ; -0.400 ; -0.400 ; Rise       ; Clock           ;
; B[*]      ; Clock      ; -0.315 ; -0.315 ; Rise       ; Clock           ;
;  B[0]     ; Clock      ; -0.391 ; -0.391 ; Rise       ; Clock           ;
;  B[1]     ; Clock      ; -0.330 ; -0.330 ; Rise       ; Clock           ;
;  B[2]     ; Clock      ; -0.315 ; -0.315 ; Rise       ; Clock           ;
;  B[3]     ; Clock      ; -0.347 ; -0.347 ; Rise       ; Clock           ;
;  B[4]     ; Clock      ; -0.399 ; -0.399 ; Rise       ; Clock           ;
;  B[5]     ; Clock      ; -2.494 ; -2.494 ; Rise       ; Clock           ;
;  B[6]     ; Clock      ; -2.432 ; -2.432 ; Rise       ; Clock           ;
;  B[7]     ; Clock      ; -2.496 ; -2.496 ; Rise       ; Clock           ;
; DataIn    ; Clock      ; -2.790 ; -2.790 ; Rise       ; Clock           ;
; Enable    ; Clock      ; -2.577 ; -2.577 ; Rise       ; Clock           ;
+-----------+------------+--------+--------+------------+-----------------+


+-----------------------------------------------------------------------+
; Clock to Output Times                                                 ;
+-----------+------------+-------+-------+------------+-----------------+
; Data Port ; Clock Port ; Rise  ; Fall  ; Clock Edge ; Clock Reference ;
+-----------+------------+-------+-------+------------+-----------------+
; ID[*]     ; Clock      ; 8.898 ; 8.898 ; Rise       ; Clock           ;
;  ID[1]    ; Clock      ; 8.894 ; 8.894 ; Rise       ; Clock           ;
;  ID[2]    ; Clock      ; 8.705 ; 8.705 ; Rise       ; Clock           ;
;  ID[3]    ; Clock      ; 8.647 ; 8.647 ; Rise       ; Clock           ;
;  ID[4]    ; Clock      ; 8.898 ; 8.898 ; Rise       ; Clock           ;
;  ID[5]    ; Clock      ; 8.722 ; 8.722 ; Rise       ; Clock           ;
;  ID[6]    ; Clock      ; 8.359 ; 8.359 ; Rise       ; Clock           ;
;  ID[7]    ; Clock      ; 8.633 ; 8.633 ; Rise       ; Clock           ;
; Left[*]   ; Clock      ; 8.114 ; 8.114 ; Rise       ; Clock           ;
;  Left[1]  ; Clock      ; 8.076 ; 8.076 ; Rise       ; Clock           ;
;  Left[2]  ; Clock      ; 8.114 ; 8.114 ; Rise       ; Clock           ;
;  Left[3]  ; Clock      ; 7.859 ; 7.859 ; Rise       ; Clock           ;
;  Left[4]  ; Clock      ; 7.923 ; 7.923 ; Rise       ; Clock           ;
;  Left[5]  ; Clock      ; 7.952 ; 7.952 ; Rise       ; Clock           ;
;  Left[6]  ; Clock      ; 7.651 ; 7.651 ; Rise       ; Clock           ;
;  Left[7]  ; Clock      ; 7.712 ; 7.712 ; Rise       ; Clock           ;
; Right[*]  ; Clock      ; 9.664 ; 9.664 ; Rise       ; Clock           ;
;  Right[1] ; Clock      ; 9.654 ; 9.654 ; Rise       ; Clock           ;
;  Right[2] ; Clock      ; 9.655 ; 9.655 ; Rise       ; Clock           ;
;  Right[3] ; Clock      ; 9.664 ; 9.664 ; Rise       ; Clock           ;
;  Right[4] ; Clock      ; 9.437 ; 9.437 ; Rise       ; Clock           ;
;  Right[5] ; Clock      ; 9.406 ; 9.406 ; Rise       ; Clock           ;
;  Right[6] ; Clock      ; 9.399 ; 9.399 ; Rise       ; Clock           ;
;  Right[7] ; Clock      ; 9.419 ; 9.419 ; Rise       ; Clock           ;
+-----------+------------+-------+-------+------------+-----------------+


+-----------------------------------------------------------------------+
; Minimum Clock to Output Times                                         ;
+-----------+------------+-------+-------+------------+-----------------+
; Data Port ; Clock Port ; Rise  ; Fall  ; Clock Edge ; Clock Reference ;
+-----------+------------+-------+-------+------------+-----------------+
; ID[*]     ; Clock      ; 3.957 ; 3.957 ; Rise       ; Clock           ;
;  ID[1]    ; Clock      ; 4.208 ; 4.208 ; Rise       ; Clock           ;
;  ID[2]    ; Clock      ; 4.131 ; 4.131 ; Rise       ; Clock           ;
;  ID[3]    ; Clock      ; 4.127 ; 4.127 ; Rise       ; Clock           ;
;  ID[4]    ; Clock      ; 4.213 ; 4.213 ; Rise       ; Clock           ;
;  ID[5]    ; Clock      ; 4.144 ; 4.144 ; Rise       ; Clock           ;
;  ID[6]    ; Clock      ; 3.957 ; 3.957 ; Rise       ; Clock           ;
;  ID[7]    ; Clock      ; 4.094 ; 4.094 ; Rise       ; Clock           ;
; Left[*]   ; Clock      ; 3.982 ; 3.982 ; Rise       ; Clock           ;
;  Left[1]  ; Clock      ; 4.234 ; 4.234 ; Rise       ; Clock           ;
;  Left[2]  ; Clock      ; 4.244 ; 4.244 ; Rise       ; Clock           ;
;  Left[3]  ; Clock      ; 4.073 ; 4.073 ; Rise       ; Clock           ;
;  Left[4]  ; Clock      ; 4.099 ; 4.099 ; Rise       ; Clock           ;
;  Left[5]  ; Clock      ; 4.142 ; 4.142 ; Rise       ; Clock           ;
;  Left[6]  ; Clock      ; 3.982 ; 3.982 ; Rise       ; Clock           ;
;  Left[7]  ; Clock      ; 4.022 ; 4.022 ; Rise       ; Clock           ;
; Right[*]  ; Clock      ; 4.717 ; 4.717 ; Rise       ; Clock           ;
;  Right[1] ; Clock      ; 4.851 ; 4.851 ; Rise       ; Clock           ;
;  Right[2] ; Clock      ; 4.823 ; 4.823 ; Rise       ; Clock           ;
;  Right[3] ; Clock      ; 4.833 ; 4.833 ; Rise       ; Clock           ;
;  Right[4] ; Clock      ; 4.732 ; 4.732 ; Rise       ; Clock           ;
;  Right[5] ; Clock      ; 4.737 ; 4.737 ; Rise       ; Clock           ;
;  Right[6] ; Clock      ; 4.725 ; 4.725 ; Rise       ; Clock           ;
;  Right[7] ; Clock      ; 4.717 ; 4.717 ; Rise       ; Clock           ;
+-----------+------------+-------+-------+------------+-----------------+


+-------------------------------------------------------------------+
; Setup Transfers                                                   ;
+------------+----------+----------+----------+----------+----------+
; From Clock ; To Clock ; RR Paths ; FR Paths ; RF Paths ; FF Paths ;
+------------+----------+----------+----------+----------+----------+
; Clock      ; Clock    ; 1148     ; 0        ; 0        ; 0        ;
+------------+----------+----------+----------+----------+----------+
Entries labeled "false path" only account for clock-to-clock false paths and not path-based false paths. As a result, actual path counts may be lower than reported.


+-------------------------------------------------------------------+
; Hold Transfers                                                    ;
+------------+----------+----------+----------+----------+----------+
; From Clock ; To Clock ; RR Paths ; FR Paths ; RF Paths ; FF Paths ;
+------------+----------+----------+----------+----------+----------+
; Clock      ; Clock    ; 1148     ; 0        ; 0        ; 0        ;
+------------+----------+----------+----------+----------+----------+
Entries labeled "false path" only account for clock-to-clock false paths and not path-based false paths. As a result, actual path counts may be lower than reported.


---------------
; Report TCCS ;
---------------
No dedicated SERDES Transmitter circuitry present in device or used in design


---------------
; Report RSKM ;
---------------
No dedicated SERDES Receiver circuitry present in device or used in design


+------------------------------------------------+
; Unconstrained Paths                            ;
+---------------------------------+-------+------+
; Property                        ; Setup ; Hold ;
+---------------------------------+-------+------+
; Illegal Clocks                  ; 0     ; 0    ;
; Unconstrained Clocks            ; 0     ; 0    ;
; Unconstrained Input Ports       ; 20    ; 20   ;
; Unconstrained Input Port Paths  ; 66    ; 66   ;
; Unconstrained Output Ports      ; 21    ; 21   ;
; Unconstrained Output Port Paths ; 97    ; 97   ;
+---------------------------------+-------+------+


+------------------------------------+
; TimeQuest Timing Analyzer Messages ;
+------------------------------------+
Info: *******************************************************************
Info: Running Quartus II 32-bit TimeQuest Timing Analyzer
    Info: Version 13.0.1 Build 232 06/12/2013 Service Pack 1 SJ Full Version
    Info: Processing started: Mon Dec  1 22:17:54 2025
Info: Command: quartus_sta problem1 -c problem1
Info: qsta_default_script.tcl version: #1
Info (11104): Parallel Compilation has detected 8 hyper-threaded processors. However, the extra hyper-threaded processors will not be used by default. Parallel Compilation will use 4 of the 4 physical processors detected instead.
Info (21077): Low junction temperature is 0 degrees C
Info (21077): High junction temperature is 85 degrees C
Critical Warning (332012): Synopsys Design Constraints File file not found: 'problem1.sdc'. A Synopsys Design Constraints File is required by the TimeQuest Timing Analyzer to get proper timing constraints. Without it, the Compiler will not properly optimize the design.
Info (332142): No user constrained base clocks found in the design. Calling "derive_clocks -period 1.0"
Info (332105): Deriving Clocks
    Info (332105): create_clock -period 1.000 -name Clock Clock
Info: Found TIMEQUEST_REPORT_SCRIPT_INCLUDE_DEFAULT_ANALYSIS = ON
Info: Analyzing Slow Model
Critical Warning (332148): Timing requirements not met
Info (332146): Worst-case setup slack is -3.040
    Info (332119):     Slack End Point TNS Clock 
    Info (332119): ========= ============= =====================
    Info (332119):    -3.040       -48.520 Clock 
Info (332146): Worst-case hold slack is 0.391
    Info (332119):     Slack End Point TNS Clock 
    Info (332119): ========= ============= =====================
    Info (332119):     0.391         0.000 Clock 
Info (332140): No Recovery paths to report
Info (332140): No Removal paths to report
Info (332146): Worst-case minimum pulse width slack is -1.222
    Info (332119):     Slack End Point TNS Clock 
    Info (332119): ========= ============= =====================
    Info (332119):    -1.222       -42.222 Clock 
Info (332001): The selected device family is not supported by the report_metastability command.
Info: Analyzing Fast Model
Critical Warning (332148): Timing requirements not met
Info (332146): Worst-case setup slack is -0.888
    Info (332119):     Slack End Point TNS Clock 
    Info (332119): ========= ============= =====================
    Info (332119):    -0.888       -10.708 Clock 
Info (332146): Worst-case hold slack is 0.215
    Info (332119):     Slack End Point TNS Clock 
    Info (332119): ========= ============= =====================
    Info (332119):     0.215         0.000 Clock 
Info (332140): No Recovery paths to report
Info (332140): No Removal paths to report
Info (332146): Worst-case minimum pulse width slack is -1.222
    Info (332119):     Slack End Point TNS Clock 
    Info (332119): ========= ============= =====================
    Info (332119):    -1.222       -42.222 Clock 
Info (332001): The selected device family is not supported by the report_metastability command.
Info (332102): Design is not fully constrained for setup requirements
Info (332102): Design is not fully constrained for hold requirements
Info: Quartus II 32-bit TimeQuest Timing Analyzer was successful. 0 errors, 3 warnings
    Info: Peak virtual memory: 337 megabytes
    Info: Processing ended: Mon Dec  1 22:17:55 2025
    Info: Elapsed time: 00:00:01
    Info: Total CPU time (on all processors): 00:00:01


